:020000040800F2
:10000000604E0020AD030008F1A4000865980008C8
:10001000EDA40008B10D0008C5F4000800000000C0
:10002000000000000000000000000000F9B100081E
:10003000F918000800000000F9A900080DB2000836
:10004000C7030008C7030008C7030008C703000868
:10005000C7030008C7030008C7030008C703000858
:10006000C7030008C7030008C7030008ED11000814
:10007000FD1100080D1200081D1200082D120008C5
:100080003D1200084D120008C703000815190008AA
:10009000351900082519000845190008C70300088C
:1000A000C7030008C7030008C7030008C703000808
:1000B000C7030008C7030008C7030008C7030008F8
:1000C000C7030008C7030008C7030008C7030008E8
:1000D000C7030008C7030008D1CB0008E1CB000824
:1000E000FB180008C703000800000000C703000851
:1000F000C7030008C7030008C70300085D12000813
:10010000C7030008C7030008C7030008C7030008A7
:10011000C7030008ADB80008C7030008C7030008FC
:10012000C7030008C7030008C7030008C703000887
:10013000C7030008C7030008C7030008C703000877
:1001400000000000000000000000000000000000AF
:10015000C7030008C7030008C7030008C703000857
:10016000C7030008C7030008C7030008C703000847
:10017000C7030008F5A40008C7030008000000003A
:10018000C7030008C7030008D9B80008C703000860
:10019000C7030008C7030008C7030008C703000817
:1001A000C7030008C7030008C703000800000000D9
:1001B000C7030008C7030008C7030008C7030008F7
:1001C000C7030008C703000800000000000000008B
:1001D0000000000000000000C7030008000000004D
:1001E000000000000000000000000000000000000F
:1001F0000000000000000000C7030008C70300085B
:10020000C7030008C703000800000000C703000878
:10021000C7030008C7030008C7030008C703000896
:10022000C703000800000000C7030008000000002A
:10023000C7030008C703000800000000C703000848
:10024000C7030008C7030008C7030008C703000866
:10025000C7030008C7030008C7030008C703000856
:10026000C7030008C7030008C7030008C703000846
:10027000C7030008C7030008C70300080000000008
:10028000C7030008C7030008C7030008C703000826
:1002900000000000C7030008C703000800000000BA
:1002A00000000000C7030008C7030008C7030008D8
:1002B0009DCB0008C7030008C703000855190008B4
:1002C00065190008C7030008C703000800F002F81A
:1002D00000F05CF80AA090E8000C82448344AAF184
:1002E0000107DA4501D100F051F8AFF2090EBAE882
:1002F0000F0013F0010F18BFFB1A43F0010318475A
:10030000A0710100E07101000A444FF0000C10F8E8
:10031000013B13F0070408BF10F8014B1D1108BF83
:1003200010F8015B641E05D010F8016B641E01F823
:10033000016BF9D113F0080F1EBF10F8014BAD1C73
:100340000C1B09D16D1E58BF01F801CBFAD505E091
:1003500014F8016B01F8016B6D1EF9D59142D6D3EB
:10036000704700000023002400250026103A28BF13
:1003700078C1FBD8520728BF30C148BF0B60704717
:100380001FB516F091FC1FBD10B510BD00F078F937
:100390001146FFF7F5FF13F067FB00F096F903B481
:1003A000FFF7F2FF03BC00F099F90000094880470D
:1003B00009480047FEE7FEE7FEE7FEE7FEE7FEE747
:1003C000FEE7FEE7FEE7FEE704480549054A064B5F
:1003D00070470000D5B20008CD020008683E002436
:1003E000604E0020684E0024600E002053EA020C8C
:1003F00000F069802DE9F04B4FF00006002B1FBF85
:10040000B3FA83F503FA05F424FA05F65E4012BF49
:100410001643B2FA82F502FA05F4C5F120051EBFB3
:1004200022FA05FC44EA0C04203556EA044C4FEA53
:10043000144418BF641C4FF000084FF000099042AC
:1004400071EB030C39D3002919BFB1FA81F701FA16
:1004500007F6B0FA80F700FA07F6C7F120071EBFCB
:1004600020FA07FC46EA0C062037B6FBF4FCA7EBA3
:100470000507103F07F01F0BCBF120060CFA0BFB12
:100480002CFA06F644BFB3460026202FA4BF5E46D2
:100490004FF0000B5BEA060C08BF4FF0010B19EBA5
:1004A0000B09ABFB027C48EB0608C01B06FB02CC29
:1004B0000BFB03CC71EB0C01C1E70B460246414636
:1004C0004846BDE8F08B13B54FF000004FF0000137
:1004D000AFF30080BDE81C40704710B5431C02E03C
:1004E00010F8011B71B18107FAD14FF0013202C837
:1004F0008C1A8C4314EAC211F9D0C01A0A0603D030
:10050000C01E10BDC01A10BD0A0401D0801E10BD4F
:100510000902FCD0401E10BD032A40F2308010F0CA
:10052000030C00F0158011F8013BBCF1020F62448E
:1005300098BF11F801CB00F8013B38BF11F8013B1F
:10054000A2F1040298BF00F801CB38BF00F8013BCC
:1005500011F0030300F02580083AC0F0088051F83C
:10056000043B083A51F804CBA0E80810F5E7121D47
:100570005CBF51F8043B40F8043BAFF30080D20766
:1005800024BF11F8013B11F801CB48BF11F8012B32
:1005900024BF00F8013B00F801CB48BF00F8012B55
:1005A000704710B5203AC0F00B80B1E81850203ADF
:1005B000A0E81850B1E81850A0E81850BFF4F5AF03
:1005C0005FEA027C24BFB1E81850A0E8185044BF8D
:1005D00018C918C0BDE810405FEA827C24BF51F8FA
:1005E000043B40F8043B08BF7047D20728BF31F8EE
:1005F000023B48BF11F8012B28BF20F8023B48BF3F
:1006000000F8012B70474FF0000200B513469446E6
:100610009646203922BFA0E80C50A0E80C50B1F15A
:100620002001BFF4F7AF090728BFA0E80C5048BF6E
:100630000CC05DF804EB890028BF40F8042B08BF0C
:10064000704748BF20F8022B11F0804F18BF00F808
:10065000012B704770477047704710B500F008F8DD
:10066000006810BD10B5044600F002F8046010BD2B
:1006700000487047043E002400487047043E0024B0
:100680007546FFF7F9FFAE4605006946534620F070
:100690000700854618B020B5FFF796FEBDE820405C
:1006A0004FF000064FF000074FF000084FF0000B2E
:1006B00021F00701AC46ACE8C009ACE8C009ACE8E1
:1006C000C009ACE8C0098D46704710B50446AFF3C9
:1006D00000802046BDE81040FFF761BE01491820A8
:1006E000ABBEFEE7260002007047000010B59FED8C
:1006F000340B0121344809F0A5F99FED310B02219B
:10070000324809F09FF99FED320B0121324809F080
:100710005FFA9FED322ADFED321A9FED321ADFEDDC
:10072000310A9FED310A002130480AF039F99FED76
:10073000302ADFED301A9FED2B1ADFED2F0A9FEDE7
:100740002F0A00212E480AF02BF99FED2E2ADFED0B
:10075000241A9FED241ADFED230AB2EE080A0021C5
:1007600029480AF01DF99FED292ADFED1D1A9FED9A
:100770001D1ADFED1C0AB1EE040A002124480AF01C
:100780000FF99FED242ADFED161A9FED161AF3EEEE
:10079000040AB2EE040A00211F480AF001F99FED95
:1007A0001F2ADFED1F1A9FED0F1ADFED130AB1EEBE
:1007B000040A00211B480AF0F3F812F06FF810BD8C
:1007C0007B14AE47E17A743FE03A0024403B0024BA
:1007D000EAFF4199A1FE8F3FA03B00240000164391
:1007E00000401C46000000000000B44218390024FC
:1007F0000000484300009644CDCCCC3D0000F042C0
:100800006439002400606A46B03900240080BB448B
:10081000483A00240080D444FC3900240000C84237
:1008200000C82F47943A002410B500BF884890EDC7
:10083000000ADFED880AB4EEE00AF1EE10FA04D8FF
:100840009FED840A80ED000A0DE0814890ED000ADA
:10085000DFED810AB4EEE00AF1EE10FA03DB9FED62
:100860007E0A80ED000A00BF00BF794890ED010AC2
:10087000DFED7A0AB4EEE00AF1EE10FA04D89FED4B
:10088000770A80ED010A0DE0714890ED010ADFED75
:10089000740AB4EEE00AF1EE10FA03DB9FED700A81
:1008A00080ED010A00BF6F4890ED080ADFED6E0A87
:1008B000B4EEE00AF1EE10FA1EDD00BF644890EDE0
:1008C000020ADFED6A0AB4EEE00AF1EE10FA04D88B
:1008D0009FED660A80ED020A0DE05D4890ED020A88
:1008E000DFED630AB4EEE00AF1EE10FA03DB9FEDF0
:1008F000600A80ED020A1EE000BF554890ED020A32
:10090000DFED5A0AB4EEE00AF1EE10FA04D89FEDDA
:10091000570A80ED020A0DE04D4890ED020ADFED26
:10092000540AB4EEE00AF1EE10FA03DB9FED500A30
:1009300080ED020A00BF00BF454890ED030ADFEDDD
:100940004D0AB4EEE00AF1EE10FA04D89FED490A20
:1009500080ED030A0DE03E4890ED030AF7EE000A31
:10096000B4EEE00AF1EE10FA03DBB7EE000A80ED18
:10097000030A00BF364890ED034AB7EEC44AB0EE12
:10098000443B90ED024AB7EEC44AB0EE442B90EDE2
:10099000014AB7EEC44AB0EE441B90ED004AB7EEF0
:1009A000C44AB0EE440B11F0CBFD294890F8250065
:1009B00070B1012802D002280FD104E09FED2E0B68
:1009C00015F02AFA0AE09FED2E0B15F025FA05E046
:1009D0009FED2D0B15F020FA00BF00BF00BF1C4893
:1009E00090ED041AB7EEC11AB0EE410B12F046FFBB
:1009F0000AF036FB1648807F08B3012815D003287B
:100A00001ED123480068032807D0224890ED000B30
:100A1000B7EEC00B204880ED000A1F4890ED000A99
:100A2000B7EEC00A11F0C8FD0BE0094890ED061AB8
:100A3000B7EEC11AB0EE410B11F0BEFD01E000E0CF
:100A400000BF00BF0248807F1149086010BD000050
:100A5000980B00208FC275BE33331340CDCC1CC021
:100A60009A991940A8070020CDCCCCBD6666A6BFD8
:100A70009A99D93FEC51D8BF0000000000208C406B
:100A80000000000000208CC00000000000000000FA
:100A900038050024200500243C05002470B50546D7
:100AA0000C4600260DB1022C00D870BDA11E0648D0
:100AB0000288284601F0D6F80646A01E2E54310AB8
:100AC000601E295400BFF0E7F000002470B5054611
:100AD0000C4600260DB1022C00DC70BD601E81B2F8
:100AE000FF22284601F0D8F80646601E2E5400BFAB
:100AF000F3E7000010B501221146024804F0F8F8AF
:100B000010BD00000008025810B500220121024863
:100B100004F0EEF810BD0000000802587047000015
:100B200010B501220821024804F0E2F810BD0000CF
:100B30000008025810B500220821024804F0D8F835
:100B400010BD000000080258704710B5044603E0CD
:100B50004FF47A7000F006F8201EA4F101018CB267
:100B6000F6D110BD70B5034600BF00BF00200022C3
:100B700000BF4FF0E0267569C3EB031674014FF018
:100B8000E026B16910E04FF0E026B06988420BD052
:100B9000884202D20E1A324402E02E1A0E44324427
:100BA0000146A24200D300E0EDE700BF70BD10B5E2
:100BB0000024FFF7B3FFFFF7C7FF11F075FA0443F6
:100BC00011F006FB0443204610BD00002DE9FC4156
:100BD00005460E461746002000900190FFF794FF4F
:100BE000922000F0CBF806226946122000F0A6F809
:100BF000FFF780FF9DF80100000200B29DF8001091
:100C000040EA010400EE104AB8EEC00ADFED490ADE
:100C100020EE200A86ED000A9DF80300000200B2D3
:100C20009DF8021040EA010400EE104AB8EEC00A36
:100C3000DFED400A20EE200A86ED010A9DF805004E
:100C4000000200B29DF8041040EA010400EE104AD0
:100C5000B8EEC00ADFED370A20EE200A86ED020A60
:100C6000FFF768FF08226946002000F067F8FFF7E9
:100C700057FF9DF800000F2835D19DF803000002B2
:100C800000B29DF8021040EA010400EE104AB8EEEE
:100C9000C00ADFED290A20EE200A85ED000A9DF842
:100CA0000500000200B29DF8041040EA010400EEC5
:100CB000104AB8EEC00ADFED200A20EE200A85EDCA
:100CC000010A9DF80700000200B29DF8061040EAF4
:100CD000010400EE104AB8EEC00ADFED170A20EE5C
:100CE000200A85ED020AFFF70FFFA22000F046F868
:100CF00002226946222000F021F8FFF7FBFE9DF852
:100D00000000C0009DF8011040EA6114B4F5806F46
:100D100002DBA4F5006004B200EE104AF8EEC00A4F
:100D2000B4EE001AB3EE070A00EE810A87ED000A5E
:100D3000BDE8FC81E7416B3A58A08B3A70B5064696
:100D40000C46154646F0800000F018F806E05520E5
:100D500000F014F82070641C681EC5B2002DF6D196
:100D600070BD70B504460D4644F0800000F006F8F2
:100D7000552000F003F8287070BD000001B582B066
:100D80004FF47A70012301AA02A90090024807F0EB
:100D9000D5F89DF804000EBDB407002470B50546D3
:100DA0000C462846FFF7EAFF2046FFF7E7FF70BD35
:100DB00000BFFEE70346042B15D007DC7BB1012BF7
:100DC0000ED0022B0DD0032B12D10BE0202B0BD019
:100DD000212B0AD0222B09D0232B09D107E008E0D0
:100DE00007E006E005E004E003E002E001E000E0E7
:100DF00000BF00BF002070470020704710B50022E0
:100E0000044905480CF08FF9044903480CF07CF9BB
:100E1000002010BD441A0024680F0024441200244E
:100E200070B504460D462146054812F041FF2146A3
:100E300004480CF069F903480CF032F9002070BD49
:100E4000183C0024680F002410B503460C4600210E
:100E5000084610BD2DE9F04104460D4600260A481B
:100E6000D0F8BC72D7F8140210B10120BDE8F081AF
:100E70002A46214604480CF056F903480CF006FABD
:100E800006463046F2E70000680F002410B5B3EEC6
:100E9000030B01212D4808F09BFEB3EE030B042148
:100EA0002B4808F095FEB3EE030B0321294808F008
:100EB0008FFEB3EE030B0221274808F089FE9FED59
:100EC000272ADFED271A9FED271ADFED260A9FED6F
:100ED000260A0021254809F063FD9FED202ADFED59
:100EE000201A9FED201ADFED1F0A9FED1F0A002137
:100EF0001F4809F055FD9FED192ADFED191A9FEDE6
:100F0000191ADFED180A9FED180A0021194809F097
:100F100047FD9FED122ADFED121A9FED121ADFED49
:100F2000110A9FED110A0021134809F039FDB2EEB4
:100F3000042ADFED0B1AB5EE001ADFED100A9FED63
:100F4000100A00210F4809F02BFD10BD00080020F9
:100F500078080020F00800206809002000606A4638
:100F600000401C460AD7233C00001C42E009002038
:100F70002C0A0020780A0020C40A00206F12833A4D
:100F80000000F042100B002010B58548008885490C
:100F90000988884203D18449814808F067FD834865
:100FA000008880490988884203D17F497F4808F03A
:100FB0005DFD7F4800887B490988884203D17A49D2
:100FC0007B4808F053FD7B480088764909888842B1
:100FD00003D17549774808F049FD774890ED000B3B
:100FE000764880ED000B744890ED020B744880ED5C
:100FF000000B714890ED040B724880ED000B90EDF2
:10100000000BB0EEC00BB1EE041BB4EEC10BF1EE61
:1010100010FA49D2694890ED000BB5EEC00BF1EE25
:1010200010FA07D0664890ED000BB5EEC00BF1EE5C
:1010300010FA39D1624890ED000BB5EEC00BF1EE1D
:1010400010FA0AD15D4890ED000BB5EEC00BF1EE41
:1010500010FA02D0012058490876584890ED000B4C
:10106000B5EEC00BF1EE10FA0AD1554890ED000B29
:10107000B5EEC00BF1EE10FA02D002204E49087610
:101080004F4890ED000BB5EEC00BF1EE10FA0ED10B
:101090004A4890ED000BB5EEC00BF1EE10FA06D108
:1010A00000204549087602E000204349087642487E
:1010B000007E01282DD14448006858B1434890ED86
:1010C0001A0B434880ED000B00203F49086041485F
:1010D00009F040FC3D4890ED1A0B3D4890ED001B97
:1010E00030EE410B3C4880ED000BDFED3C0A90ED0B
:1010F000001BB7EEC10B374809F034FBB7EEC00A4E
:10110000304880ED000B9FED360B2D4880ED000B35
:1011100002E001202C4908602748007E02282DD1DA
:101120003148006858B1294890ED1A0B284880EDE5
:10113000000B00202C490860264809F00BFC2348CE
:1011400090ED1A0B224890ED001B30EE410B224827
:1011500080ED000BDFED210A90ED001BB7EEC10B17
:101160001C4809F0FFFAB7EEC00A164880ED000BE4
:101170009FED1B0B114880ED000B02E001201A4986
:10118000086001200F4991ED002B0D4991ED001BE6
:101190000A4991ED000B09F067F914F007FD10BD45
:1011A00000080020820000207A000020780800203B
:1011B000F008002068090020780B0020900500242A
:1011C00098050024A0050024C00500244829002417
:1011D000B8050024100B0020C80500240000000002
:1011E0000000000000000000C405002410B5024803
:1011F00001F064FB10BD0000100D002410B5024882
:1012000001F05CFB10BD0000880D002410B5024801
:1012100001F054FB10BD0000000E002410B5024880
:1012200001F04CFB10BD0000780E002410B5024800
:1012300001F044FB10BD0000A80B002410B50248CB
:1012400001F03CFB10BD0000200C002410B502484A
:1012500001F034FB10BD0000F00E002410B5024870
:1012600001F02CFB10BD0000980C00240146374A09
:101270000868904249D0354A18320868904244D0F4
:10128000324A3032086890423FD0304A48320868CB
:1012900090423AD02D4A60320868904235D02B4AAD
:1012A00078320868904230D0284A903208689042DC
:1012B0002BD0264AA8320868904226D0244A0868D3
:1012C000904222D0224A1832086890421DD0204A0B
:1012D00030320868904218D01D4A4832086890425F
:1012E00013D01B4A6032086890420ED0184A7832F8
:1012F0000868904209D0164A90320868904204D09B
:10130000134AA8320868904201D1012000E0002071
:10131000B0B10A78103A1823B2FBF3F000F00702DC
:101320000C4B9A5CCA65032805D90A686FF3090259
:10133000121D8A6503E00A686FF309028A6503E0FB
:10134000086820F0FF008865886D70471000024033
:1013500010040240A26D010810B502682B4C03680E
:10136000A34222D0294C14340368A3421DD0274C39
:1013700028340368A34218D0244C3C340368A342A9
:1013800013D0224C50340368A3420ED01F4C643457
:101390000368A34209D01D4C78340368A34204D0EB
:1013A0001A4C8C340368A34201D1012300E00023CE
:1013B0008BB10378083B1424B3FBF4F1144B03EB1B
:1013C00081030366124B8033436601F01F0401233F
:1013D000A340836618E00378103B1824B3FBF4F1B4
:1013E0000C4B9A4204D80B4BA83B9A4200D30831CD
:1013F000094B03EB81030366074B8033436601F01F
:101400001F040123A340836610BD00000854025846
:1014100000580258B8040240000802400179A9B3FC
:10142000082940D8204B02689A4222D01E4B143320
:1014300002689A421DD01C4B283302689A4218D089
:10144000194B3C3302689A4213D0174B5033026851
:101450009A420ED0144B643302689A4209D0124B60
:10146000783302689A4204D00F4B8C3302689A4258
:1014700001D1012200E000224AB14A1E0B4B03EBCE
:101480008202C266094A4032026708E00BE04A1E47
:10149000074B03EB8202C266054A403202674A1ECE
:1014A000012393404367704708540258005902587B
:1014B00000090240014600208A69D2B98A6A32B125
:1014C000012A0DD0022A03D0032A10D10EE000BF5A
:1014D000CA6A02F08072B2F1807F00D1012007E079
:1014E000CA6AB2F1C07F00D1012001E000E000BF74
:1014F00036E08A69B2F5005F1BD18A6A32B1012AEF
:1015000007D0022A03D0032A11D10AE000BF01202C
:101510000EE0CA6A02F08072B2F1807F00D1012031
:1015200006E0CA6AB2F1C07F00D1012000E000BF2E
:1015300016E08A6A32B1012A05D0022A04D0032AB1
:101540000CD103E000BF00BF012008E0CA6A02F02E
:101550008072B2F1807F00D1012000E000BF00BFA7
:1015600070470000F0B5856D846D984F0668BE42E7
:1015700070D0964F18370668BE426BD0934F303705
:101580000668BE4266D0914F48370668BE4261D0B9
:101590008E4F60370668BE425CD08C4F7837066845
:1015A000BE4257D0894F90370668BE4252D0874F0F
:1015B000A8370668BE424DD0854F0668BE4249D066
:1015C000834F18370668BE4244D0814F30370668D3
:1015D000BE423FD07E4F48370668BE423AD07C4F6D
:1015E00060370668BE4235D0794F78370668BE420C
:1015F00030D0774F90370668BE422BD0744FA83753
:101600000668BE4226D0734F0668BE4222D0714F94
:1016100014370668BE421DD06E4F28370668BE429A
:1016200018D06C4F3C370668BE4213D0694F503714
:101630000668BE420ED0674F64370668BE4209D0C6
:10164000644F78370668BE4204D0624F8C37066814
:10165000BE4201D1012600E000263EB1D0E9197654
:101660007E60C66E16B1D0E91C767E60574F066864
:10167000BE4249D0554F18370668BE4244D0534F3A
:1016800030370668BE423FD0504F48370668BE42EA
:101690003AD04E4F60370668BE4235D04B4F783750
:1016A0000668BE4230D0494F90370668BE422BD004
:1016B000464FA8370668BE4226D0454F0668BE4250
:1016C00022D0434F18370668BE421DD0404F3037F6
:1016D0000668BE4218D03E4F48370668BE4213D057
:1016E0003B4F60370668BE420ED0394F78370668E8
:1016F000BE4209D0364F90370668BE4204D0344F00
:10170000A8370668BE4201D1012600E00026DEB1FE
:1017100090F85C6006F01F073F26BE40AE6006688A
:10172000366826F4802607683E600668736086681F
:10173000402E04D10668B2600668F16044E0066895
:10174000B1600668F2603FE0224F0668BE4222D0D8
:10175000204F14370668BE421DD01E4F283706683A
:10176000BE4218D01B4F3C370668BE4213D0194FFB
:1017700050370668BE420ED0164F64370668BE4228
:1017800009D0144F78370668BE4204D0114F8C3709
:101790000668BE4201D1012600E00026A6B190F8FD
:1017A0005C6006F01F070126BE4066600668736035
:1017B0008668402E04D10668B2600668F16003E0D6
:1017C0000668B1600668F260F0BD000010000240DB
:1017D000100402400854025808B5084840680090B8
:1017E000074900980968884204D206480068401CEE
:1017F0000449086002490098086008BD001000E034
:10180000C8000024C40000240C494868F0EE400AD7
:1018100000BF0A494968091A01EE101AF8EE411A88
:10182000074991ED001AB8EE411A20EE811AF4EE44
:10183000C11AF1EE10FAECD370470000001000E07E
:10184000B800002410B52DED028B82B004460E487E
:101850004068019020680199081A00EE100AF8EE1D
:10186000400A0A4890ED000AB8EE400A80EE801A5D
:10187000B0EE418A01982060FFF7AEFFB0EE480A53
:1018800002B0BDEC028B10BD001000E0B8000024D7
:101890001249096841F08071104A11600021104A14
:1018A00051601146096841F0010111600D49414341
:1018B0000D4A1160114609684FF47A72B1FBF2F1DA
:1018C0000A4A116008490968064AB1FBF2F1084A60
:1018D00011600021074A116070470000FCED00E034
:1018E000001000E040420F00B8000024BC000024BB
:1018F000C0000024C4000024704710B54FF480607D
:1019000003F0F0F84FF4805003F0ECF810BD72B61D
:1019100000BFFEE710B5024802F01AFC10BD00003F
:10192000D405002410B5024802F012FC10BD0000DE
:10193000D405002410B5024802F00AFC10BD0000D6
:101940007406002410B5024802F002FC10BD00002D
:101950007406002410B5024802F0FAFB10BD000026
:101960001407002410B5024802F0F2FB10BD00007D
:101970001407002410B501464A6B0868D0F88400AB
:101980004FF6FC74A04340EA82000C68C4F884005F
:101990000868D0F8840020F47F04088F44EA0040EF
:1019A0000C68C4F88400886B02440868D0F888008A
:1019B0004FF6FC74A04340EA82000C68C4F888002B
:1019C0000868D0F8880020F4FE04888F44EA0040BC
:1019D0000C68C4F88800C86B02EB40020868D0F8B5
:1019E000A0004FF6FC74A04340EA82000C68C4F8E3
:1019F000A0000868D0F8A00020F4FE044020405A5F
:101A000044EA00400C68C4F8A000D1E9104004FB8F
:101A100000220868D0F8B0004FF6FC74A04340EAFA
:101A200082000C68C4F8B0000868D0F8B00020F458
:101A3000FE04B1F8480044EA00400C68C4F8B00065
:101A4000D1E9124004FB00220868D0F8AC004FF640
:101A5000FC74A04340EA82000C68C4F8AC00D1E9F1
:101A6000144004FB00220868D0F8F0004FF6FC7424
:101A7000A04340EA82000C68C4F8F0000868D0F87F
:101A8000F00020F47C14B1F8580044EA00400C68DF
:101A9000C4F8F000886D02EB40020868D0F8C0007E
:101AA0004FF6FC74A04340EA82000C68C4F8C00002
:101AB0000868D0F8C00020F47C14B1F85C0044EA57
:101AC00000400C68C4F8C0000868D0F8C00020F0DE
:101AD0007C5491F8600044EA00600C68C4F8C000CF
:101AE0002A4C486B04EB8000C866CC6E886B04EB14
:101AF00080040C670C6FC86B04EBC0044C67D1E921
:101B0000100460434C6F04EB80048C67D1E912042D
:101B100060438C6F04EB8004CC67D1E9140460430C
:101B2000CC6F04EB8004802044504458886D04EB53
:101B3000C004842044508C6EC86D60438424645873
:101B400004EB8004882044508C6E086E6043882427
:101B5000645804EB80049020445040580C4CA04240
:101B600009D99831486840F020004860032001F806
:101B70009809012010BDCB6E02E0002018601B1DEB
:101B8000902040589842F8D80020F3E700AC00407D
:101B9000FCD300402DE9F041054614461E46D1F81D
:101BA00004C0BCF1000F0AD1D1F810C0D1F80880F0
:101BB0004CEA080CB1F800804CEA88430BE0D1F8FD
:101BC00010C04CF0804CD1F808804CEA080CD1F8D9
:101BD00000804CEA080391F82080D1F81CC04CEA40
:101BE000086CD1F818804CEA080CD1F814804CEA43
:101BF000080CB1F80C804CEA0847D5F868C00CFB1B
:101C000006FCD5F8848008EB8C021360121D176067
:101C1000121D002019E000F1030C14F80CC04FEA6B
:101C20000C6800F1020C14F80CC048EA0C4800F1F2
:101C3000010C14F80CC048EA0C2C14F800804CEA93
:101C4000080CC2F800C0121D001DDFF81480D1F886
:101C50000CC018F80CC08445DDD8BDE8F081000048
:101C6000AC6D010830B5034613B94FF6FF7030BDB7
:101C700009E013F8014B82EA0400C0B2054D35F8C3
:101C8000100080EA2222081EA1F10101F1D11046C4
:101C9000EDE70000426F010830B5034605E013F898
:101CA000010B80EA02040448025D081EA1F101054F
:101CB000A9B2F4D1104630BD416E010810B50446FA
:101CC0002078617840EA0120C0F30A00B549088015
:101CD0006078C008A17840EA4110C0F30A00B14919
:101CE0004880A0788009E17840EA8100217940EAC3
:101CF0008120C0F30A00AB498880207940086179CF
:101D000040EAC110C0F30A00A649C8806079C0F358
:101D100001108872607900118108A248C172A0790F
:101D2000E17940EA012000B29E49C881207A617AB7
:101D300040EA012001B29B480182A07AE17A40EAA0
:101D4000012001B297484182217B0175617B417579
:101D5000A07BE17B40EA01209249C882207C617C23
:101D600040EA012000B28F490881207C617C40EA72
:101D70000120C0F30A00A0F580608A4988810846E6
:101D80000088A0F5806000B2088008464088A0F571
:101D9000806000B2488008468088A0F5806000B26C
:101DA00088800846C088A0F5806000B2C8800846D8
:101DB0000089A0F5806000B20881A07B00F00100DE
:101DC00079490880A07B00F0020078490880A07B58
:101DD00000F0040076490880A07B00F008007549F7
:101DE0000880A07B00F0400073490880A07B00F0D1
:101DF000800072490880A07B00F0100070490880C4
:101E0000A07B00F020006F4908806648007D6E4985
:101E100008706448407D6D4908706248C08A00F4CB
:101E200080706B4908805F48C08A00F4007069497F
:101E300008805C48C08A00F480606749088059487F
:101E4000C08A00F40060654908805648C08A00F4E2
:101E50008050634908805348C08A00F400506149AB
:101E600008805048C08A00F480405F4908804D488F
:101E7000C08A00F400405D4908804B48008810B1DA
:101E80000120494908804948008810B1012047498C
:101E900008804748008810B101204549088045481E
:101EA000008810B10120434908804348008810B1E0
:101EB0000120414908804148008810B101203F4974
:101EC00008803F48008810B101203D4908803D4806
:101ED000008810B101203B4908803B48007810B1D0
:101EE0000120394908703948007810B1012037497C
:101EF00008703748008810B10120354908803548FE
:101F0000008810B10120334908803348008810B19F
:101F10000120314908803148008810B101202F4943
:101F200008802F48008810B101202D4908802D48D5
:101F3000008810B101202B4908802B48008810B17F
:101F40000120294908802948008810B1012027492B
:101F5000088027480088264948801248C08A08809F
:101F60002449234813F092FF2349214813F08EFFA0
:101F700022491F4813F08AFF21491D4813F086FFAC
:101F800020491B4813F082FF1F49194813F07EFFB8
:101F90001E49174813F07AFF1D49154813F076FFC4
:101FA00010BD0000F0290024EE010020F001002007
:101FB000F2010020F4010020F6010020F8010020C9
:101FC000FA010020FC0100200E0200200F02002078
:101FD000FE01002000020020020200200402002076
:101FE00006020020080200200A0200200C02002045
:101FF0001002002014020020200200202C020020E9
:102000003802002050020020440200205C02002020
:102010006802002070B50A480468001D0568001DAC
:102020000668344454B108220649204607F03AFCB9
:10203000042204491031284607F034FC70BD00002A
:1020400000E8F11F560000202DE9F041044602F09F
:1020500055FE804614B90120BDE8F08194F83500A2
:10206000022808D08020606500BF002084F834007A
:1020700000BF0120F0E7FE492068884249D0FC49B2
:1020800018312068884244D0F949303120688842AC
:102090003FD0F7494831206888423AD0F44960314E
:1020A0002068884235D0F24978312068884230D0A3
:1020B000EF499031206888422BD0ED49A831206843
:1020C000884226D0EB492068884222D0E94918315D
:1020D000206888421DD0E74930312068884218D0F6
:1020E000E44948312068884213D0E24960312068D1
:1020F00088420ED0DF4978312068884209D0DD4916
:1021000090312068884204D0DA49A831206888429A
:1021100001D1012000E0002068B12068006820F0B3
:102120001E00216808602068406920F08000216856
:102130004861256806E02068006820F00E002168EC
:1021400008602568CA492068884270D0C84918319B
:10215000206888426BD0C64930312068884266D0FA
:10216000C34948312068884261D0C1496031206844
:1021700088425CD0BE4978312068884257D0BC493B
:1021800090312068884252D0B949A83120688842ED
:102190004DD0B8492068884249D0B64918312068E6
:1021A000884244D0B3493031206888423FD0B14999
:1021B0004831206888423AD0AE4960312068884270
:1021C00035D0AC4978312068884230D0A949903167
:1021D000206888422BD0A749A8312068884226D0A1
:1021E000A5492068884222D0A3491431206888423A
:1021F0001DD0A14928312068884218D09E493C3121
:102200002068884213D09C495031206888420ED003
:10221000994964312068884209D09749783120680B
:10222000884204D094498C312068884201D1012031
:1022300000E0002028B1206E006820F48070216E3C
:1022400008608B492068884249D089491831206844
:10225000884244D086493031206888423FD0844942
:102260004831206888423AD08149603120688842EC
:1022700035D07F4978312068884230D07C49903110
:10228000206888422BD07A49A8312068884226D01D
:1022900078492068884222D07649183120688842DF
:1022A0001DD0744930312068884218D071494831B6
:1022B0002068884213D06F496031206888420ED070
:1022C0006C4978312068884209D06A499031206889
:1022D000884204D06749A8312068884206D1206826
:1022E000006820F001002168086005E020680068AF
:1022F00020F001002168086011E002F0FFFCA0EB73
:10230000080005280BD920206065032084F83500DB
:1023100000BF002084F8340000BF01209CE628683C
:1023200000F001000028E8D151492068884249D0D6
:102330004F4918312068884244D04D4930312068D7
:1023400088423FD04A494831206888423AD04849BB
:1023500060312068884235D045497831206888420C
:1023600030D043499031206888422BD04049A83171
:102370002068884226D03F492068884222D03D49C3
:102380001831206888421DD03A493031206888428F
:1023900018D0384948312068884213D03549603117
:1023A000206888420ED0334978312068884209D0AD
:1023B000304990312068884204D02E49A8312068E5
:1023C000884201D1012000E0002040B1A66D94F8C0
:1023D0005C0000F01F013F208840B06007E0A76D5F
:1023E00094F85C0000F01F010120884078602049CB
:1023F0002068884276D01E4918312068884271D002
:102400001B493031206888426CD019494831206816
:10241000884267D0164960312068884262D01449EA
:102420007831206888425DD0114990312068884217
:1024300058D00F49A8312068884253D00D492068F0
:1024400088424FD00B491831206888424AD0094948
:1024500030312068884245D006494831206888429A
:1024600040D004496031206888423BD0014905E0F2
:1024700010000240100402400854025878312068CD
:1024800088422FD02549206888422BD02349183113
:102490002068884226D022492068884222D02049DC
:1024A0001431206888421DD01D4928312068884297
:1024B00018D01B493C312068884213D0184950314C
:1024C000206888420ED0164964312068884209D0BD
:1024D000134978312068884204D011498C31206832
:1024E000884201D1012000E0002068B1D4E9191030
:1024F0004860E06E40B1E06E006820F48070E16EEC
:102500000860D4E91C104860012084F8350000BF41
:10251000002084F8340000BF00BF9DE5A004024005
:102520000854025870B504460CB9012070BD94F8E7
:102530003500022803D0802060650120F6E7DC49E1
:102540002068884249D0DA4918312068884244D04E
:10255000D7493031206888423FD0D549483120687A
:1025600088423AD0D24960312068884235D0D0497B
:1025700078312068884230D0CD4990312068884237
:102580002BD0CB49A8312068884226D0C949206881
:10259000884222D0C7491831206888421DD0C549D9
:1025A00030312068884218D0C249483120688842BA
:1025B00013D0C0496031206888420ED0BD497831BF
:1025C0002068884209D0BB4990312068884204D0F5
:1025D000B849A8312068884201D1012000E00020DC
:1025E000F0B3042084F83500B149206888424BD00C
:1025F000AF4918312068884246D0AD493031206853
:10260000884241D0AA494831206888423CD0A84934
:1026100060312068884237D0A549783120688842E7
:1026200032D0A3499031206888422DD0A049A831EA
:102630002068884228D09F492068884224D09D493C
:102640001831206888421FD09A493031206888426A
:102650001AD0984948312068884215D0954900E041
:1026600020E06031206888420ED09249783120689D
:10267000884209D08F4990312068884204D08D4922
:10268000A8312068884206D12068006820F0010047
:102690002168086009E12068006820F001002168D5
:1026A000086002E12068006820F00E0021680860E0
:1026B0007F492068884249D07D4918312068884286
:1026C00044D07B493031206888423FD07849483136
:1026D000206888423AD0764960312068884235D0F7
:1026E000734978312068884230D071499031206830
:1026F00088422BD06E49A8312068884226D06D4987
:102700002068884222D06B491831206888421DD049
:10271000684930312068884218D0664948312068BD
:10272000884213D063496031206888420ED06149E5
:1027300078312068884209D05E499031206888420B
:1027400004D05C49A8312068884206D1206800681E
:1027500020F001002168086005E02068006820F092
:1027600001002168086052492068884270D05049B1
:102770001831206888426BD04D493031206888423A
:1027800066D04B4948312068884261D04849603161
:10279000206888425CD0464978312068884257D00A
:1027A000434990312068884252D04149A83120687D
:1027B00088424DD03F492068884249D03D49183170
:1027C0002068884244D03B493031206888423FD05D
:1027D00038494831206888423AD03649603120680B
:1027E000884235D0334978312068884230D0314929
:1027F0009031206888422BD02E49A8312068884229
:1028000026D02D492068884222D02B4914312068D7
:1028100088421DD0284928312068884218D026498E
:102820003C312068884213D02349503120688842C7
:102830000ED0214964312068884209D01E49783180
:102840002068884204D01C498C312068884201D11C
:10285000012000E00020D8B1206E006820F48070D4
:10286000216E0860A56D94F85C0000F01F01012046
:1028700088406860D4E919104860E06E40B1E06EAD
:10288000006820F48070E16E0860D4E91C10486094
:10289000012084F8350000BF002084F8340000BF18
:1028A000206D10B12046216D884700203EE60000D3
:1028B0001000024010040240085402582DE9F84F5D
:1028C000044600200090FE4800684FF41651B0FB0B
:1028D000F1FAA66DD4F858803768D8F80090F94915
:1028E0002068884249D0F74918312068884244D08E
:1028F000F4493031206888423FD0F249483120689D
:1029000088423AD0EF4960312068884235D0ED499D
:1029100078312068884230D0EA4990312068884276
:102920002BD0E849A8312068884226D0E6492068A3
:10293000884222D0E4491831206888421DD0E249FB
:1029400030312068884218D0DF49483120688842F9
:1029500013D0DD496031206888420ED0DA497831E1
:102960002068884209D0D84990312068884204D034
:10297000D549A8312068884201D1012000E000201B
:1029800000287DD094F85C0000F01F0108208840EA
:102990003840002868D0CB492068884249D0C949CE
:1029A00018312068884244D0C649303120688842B6
:1029B0003FD0C4494831206888423AD0C14960318B
:1029C0002068884235D0BF4978312068884230D0AD
:1029D000BC499031206888422BD0BA49A831206880
:1029E000884226D0B8492068884222D0B64918319A
:1029F000206888421DD0B44930312068884218D000
:102A0000B14948312068884213D0AF49603120680D
:102A100088420ED0AC4978312068884209D0AA4952
:102A200090312068884204D0A749A83120688842A4
:102A300004D12068006800F0040003E0206800680A
:102A400000F0080080B12068006820F004002168D0
:102A5000086094F85C0000F01F0108208840B06016
:102A6000606D40F00100606594F85C0000F01F01AB
:102A7000012088403840E8B392492068884200E04D
:102A8000B7E24BD08F4918312068884246D08D4933
:102A900030312068884241D08A49483120688842D4
:102AA0003CD0884960312068884237D085497831E8
:102AB0002068884232D083499031206888422DD0E6
:102AC0008049A8312068884228D07F492068884200
:102AD00024D07D491831206888421FD07A4930318E
:102AE000206888421AD0784948312068884215D039
:102AF000754900E026E06031206888420ED07249B6
:102B000078312068884209D06F4990312068884226
:102B100004D06D49A8312068884204D120684069FA
:102B200000F0800002E020680068002050B194F8B6
:102B30005C0000F01F0101208840B060606D40F033
:102B40000200606594F85C0000F01F0104208840DA
:102B50003840E8B35B49206888424BD05949183166
:102B60002068884246D0574930312068884241D099
:102B700054494831206888423CD05249603120682D
:102B8000884237D04F4978312068884232D04D4949
:102B90009031206888422DD04A49A8312068884267
:102BA00028D049492068884224D0474918312068F4
:102BB00088421FD044493031206888421AD04249A7
:102BC00048312068884215D03F496031206800E0D4
:102BD00024E088420ED03C4978312068884209D0F0
:102BE000394990312068884204D03749A83120689B
:102BF000884204D12068006800F0020002E02068EA
:102C00000068002050B194F85C0000F01F0104201F
:102C10008840B060606D40F00400606594F85C002E
:102C200000F01F01102088403840E8B32549206893
:102C3000884251D023491831206888424CD021491C
:102C400030312068884247D01E4948312068884288
:102C500042D01C496031206888423DD01949783102
:102C60002068884238D0174990312068884233D094
:102C70001449A831206888422ED013492068884220
:102C80002AD0114918312068884225D00E493031A8
:102C90002068884220D00C494831206888421BD0E7
:102CA00009496031206800E04DE0884214D00649AF
:102CB0007831206888420FD003499031206805E0C0
:102CC000180000241000024010040240884203D083
:102CD000FE492068884204D12068006800F008009E
:102CE00003E02068006800F0040060B394F85C0022
:102CF00000F01F0110208840B0602068006800F4D8
:102D0000802080B12068006800F4002028B9206C81
:102D1000C8B12046216C884715E0A06C98B12046C8
:102D2000A16C88470FE02068006800F4807028B923
:102D30002068006820F0080021680860206C10B14D
:102D40002046216C884794F85C0000F01F01202089
:102D50008840384000287DD0DD492068884249D02D
:102D6000DB4918312068884244D0D9493031206885
:102D700088423FD0D6494831206888423AD0D44969
:102D800060312068884235D0D14978312068884246
:102D900030D0CF499031206888422BD0CC49A8311F
:102DA0002068884226D0C949A8392068884221D0A5
:102DB000C6499039206888421CD0C44978392068B7
:102DC000884217D0C14960392068884212D0BF4973
:102DD0004839206888420DD0BC4930392068884283
:102DE00008D0BA4918392068884203D0B74920680A
:102DF000884204D12068006800F0100003E02068D9
:102E0000006800F0020028B394F85C0000F01F0195
:102E100020208840B06094F8350004282DD1206827
:102E2000006820F01600216808602068406920F0E2
:102E3000800021684861206C08B9A06C28B1206826
:102E4000006820F008002168086094F85C0000F039
:102E50001F0100E03FE03F208840B060012084F87F
:102E6000350000BF002084F8340000BF206D10B191
:102E70002046216D8847BDE8F88F2068006800F47F
:102E8000802080B12068006800F4002028B9606CC0
:102E900008B32046616C88471DE0E06BD8B120463E
:102EA000E16B884717E02068006800F4807068B91B
:102EB0002068006820F0100021680860012084F874
:102EC000350000BF002084F8340000BFE06B10B173
:102ED0002046E16B8847606D00287AD0606D00F075
:102EE0000100E8B3042084F835007949206888425D
:102EF0004BD0774918312068884246D07449303128
:102F00002068884241D072494831206888423CD0CC
:102F10006F4960312068884237D06D497831206828
:102F2000884232D06A499031206888422DD0684961
:102F3000A8312068884228D06449A839206888428E
:102F400023D062499039206888421ED05F49783981
:102F50002068884219D05D4960392068884200E0C5
:102F600040E012D059494839206888420DD057496D
:102F700030392068884208D054491839206888427E
:102F800003D052492068884206D12068006820F0AA
:102F900001002168086005E02068006820F0010059
:102FA0002168086000BF0098401C0090504500D97F
:102FB00005E02068006800F001000028F3D100BFA0
:102FC0002068006800F0010020B1032084F835007B
:102FD00003E00DE0012084F8350000BF002084F8F4
:102FE000340000BFE06C002802D02046E16C884726
:102FF000D9E138492068884222D036491431206806
:1030000088421DD0334928312068884218D0314980
:103010003C312068884213D02E49503120688842C4
:103020000ED02C4964312068884209D02949783172
:103030002068884204D027498C312068884201D119
:10304000012000E000200028D2D02068056894F814
:103050005C0000F01F010420884000EA0900D8B39A
:1030600005F00400C0B394F85C0000F01F010420D8
:103070008840C8F8040005F4004080B105F48030B1
:1030800030B9A06C0028B3D02046A16C88478AE1F3
:10309000206C0028ACD02046216C884783E105F0E5
:1030A0002000E8BB0A492068884253D008491831FB
:1030B000206888424ED0064930312068884249D085
:1030C000034948312068884244D006E0B8040240F1
:1030D00010000240085402584FE0B44960312068A3
:1030E000884237D0B14978312068884232D0AF4920
:1030F0009031206888422DD0AC49A83120688842A0
:1031000028D0AB492068884224D0A94918312068CA
:1031100088421FD0A6493031206888421AD000E08A
:1031200025E0A34948312068884213D0A049603186
:10313000206888420ED09E4978312068884209D0A4
:103140009B4990312068884204D09949A831206871
:10315000884206D12068006820F0080021680860D5
:1031600005E02068006820F0040021680860206CF9
:1031700010B32046216C884715E194F85C0000F0FC
:103180001F010220884000EA0900E8B305F00200B0
:10319000D0B394F85C0000F01F0102208840C8F80A
:1031A000040005F4004070B105F4803028B9606C6B
:1031B00010B12046616C8847F5E0E06BF0B3204623
:1031C000E16B8847EFE005F02000C0BB774920683D
:1031D00088424ED0754918312068884249D07349D9
:1031E00030312068884244D0704948312068884294
:1031F0003FD06E496031206888423AD06B497831BF
:103200002068884235D000E04EE06849903120685F
:1032100088422ED06549A8312068884229D0644967
:103220002068884225D0624918312068884220D021
:103230005F493031206888421BD001E06EE02DE00C
:103240005B4948312068884213D059496031206871
:1032500088420ED0564978312068884209D05449B6
:1032600090312068884204D05149A83120688842B2
:1032700006D12068006820F014002168086005E08D
:103280002068006820F00A0021680860012084F8A6
:10329000350000BF002084F8340000BFE06BE8B3C5
:1032A0002046E16B88477EE094F85C0000F01F0147
:1032B0000820884000EA090080B305F0080068B3E0
:1032C0003A49206888424BD03849183120688842F2
:1032D00046D0364930312068884241D033494831A0
:1032E000206888423CD0314960312068884237D01C
:1032F0002E4978312068884232D02C49903120689C
:1033000088422DD02949A8312068884228D02849F0
:103310002068884224D02649183100E043E0206824
:1033200088421DD0224930312068884218D0204977
:1033300048312068884213D01D4960312068884296
:103340000ED01B4978312068884209D01849903145
:103350002068884204D01649A8312068884206D1E6
:103360002068006820F01C002168086005E02068E3
:10337000006820F00E002168086094F85C0000F0FE
:103380001F0101208840C8F804000120606584F80E
:10339000350000BF002084F8340000BFE06C10B19D
:1033A0002046E16C884700BF65E500001000024040
:1033B000100402402DE9F041044601F09FFC8046D4
:1033C00014B90120BDE8F081FE492068884249D047
:1033D000FC4918312068884244D0FA4930312068CD
:1033E00088423FD0F7494831206888423AD0F549B1
:1033F00060312068884235D0F249783120688842AF
:1034000030D0F0499031206888422BD0ED49A83166
:103410002068884226D0EC492068884222D0EA49B8
:103420001831206888421DD0E74930312068884231
:1034300018D0E54948312068884213D0E24960310C
:10344000206888420ED0E04978312068884209D04F
:10345000DD4990312068884204D0DB49A8312068DA
:10346000884201D1012000E00020002873D0606A6A
:1034700000B100BF022084F8350000BF002084F8AE
:10348000340000BFCF492068884249D0CD49183167
:103490002068884244D0CB493031206888423FD0F0
:1034A000C8494831206888423AD0C649603120680E
:1034B000884235D0C34978312068884230D0C1492C
:1034C0009031206888422BD0BE49A83120688842BC
:1034D00026D0BD492068884222D0BB4918312068D7
:1034E00088421DD0B84930312068884218D0B6498A
:1034F00048312068884213D0B3496031206888423F
:103500000ED0B14978312068884209D0AE49903157
:103510002068884204D0AC49A8312068884206D18E
:103520002068006820F001002168086005E020683C
:10353000006820F00100216808600DE001F0DEFB6A
:10354000A0EB0800052807D920206065032084F837
:103550003500012036E769E02068006800F00100CE
:103560000028EBD12068056898480540D4E902019D
:1035700008432169084361690843A1690843E16977
:103580000843216A08430543606A042803D1D4E94B
:103590000B01084305436068292802D360682E2880
:1035A00017D960683F2802D36068422811D9606843
:1035B000472802D3606848280BD960684F2802D397
:1035C0006068522805D96068742804D36068772839
:1035D00001D8012000E0002008B145F480152068E2
:1035E00005602068456925F00705606A0543606A43
:1035F00004280DD1A06A0543E06A48B12046FDF7D2
:1036000059FF28B140206065012084F83500D9E6D3
:10361000206845612046FDF729FE064694F85C00C7
:1036200000F01F013F208840B0609EE0684920689C
:10363000884222D066491431206888421DD06449EE
:1036400028312068884218D061493C31206888427E
:1036500013D05F495031206888420ED05C496431F4
:103660002068884209D05A4978312068884204D0BD
:1036700057498C312068884201D1012000E00020A8
:10368000E0B353492068884222D051491431206860
:1036900088421DD04E4928312068884218D04C49B4
:1036A0003C312068884213D0494950312068884213
:1036B0000ED0474964312068884209D044497831A6
:1036C0002068884204D042498C312068884201D168
:1036D000012000E0002000B100BF022084F8350086
:1036E00000BF002084F8340000BF20680568394816
:1036F0000540A068402802D1102106E02EE0A06815
:10370000802801D1C10100E00021E06841EAD00138
:10371000206941EAD001606941EAD001A06941EA2B
:10372000D001E06941EAD001206A41EA1010054366
:103730002068056026492068401A1421B0FBF1F08A
:103740008000E0652046FDF791FD074694F85C0097
:1037500000F01F0101208840786006E0402060658D
:10376000032084F8350001202CE6164920688842A1
:103770007AD0144918312068884275D01149303107
:103780002068884270D00F494831206888426BD049
:103790000C4960312068884266D00A497831206837
:1037A000884261D007499031206888425CD0054941
:1037B000A8312068884257D003492068884253D0F6
:1037C000014909E010000240100402403F8010FE51
:1037D000085402580F00FEFF18312068884243D079
:1037E0003749206888423FD03549183120688842DF
:1037F0003AD0334930312068884235D03049483199
:103800002068884230D02E496031206888422BD011
:103810002B4978312068884226D02A49206888427E
:1038200022D028491431206888421DD025492831EA
:103830002068884218D023493C312068884213D040
:1038400020495031206888420ED01E4964312068DA
:10385000884209D01B4978312068884204D0194930
:103860008C312068884201D1012000E0002000B3A3
:103870002046FDF771FDA068802801D1002060601E
:103880002079216E0860D4E919104860606860B141
:103890006068082809D82046FDF7C0FD0020E16EC9
:1038A0000860D4E91C10486003E00020E06620674F
:1038B000606700206065012084F83500002081E504
:1038C00040040240085402582DE9F04104460D46D8
:1038D00016461F464FF0000814B90120BDE8F081DC
:1038E00000BF94F83400012801D10220F6E701203E
:1038F00084F8340000BF94F8350001287ED10220FE
:1039000084F8350000206065E4492068884249D089
:10391000E24918312068884244D0E04930312068BB
:1039200088423FD0DD494831206888423AD0DB499F
:1039300060312068884235D0D84978312068884283
:1039400030D0D6499031206888422BD0D349A83155
:103950002068884226D0D2492068884222D0D049A7
:103960001831206888421DD0CD4930312068884206
:1039700018D0CB4948312068884213D0C8496031FB
:10398000206888420ED0C64978312068884209D024
:10399000C34990312068884204D0C149A8312068C9
:1039A000884206D12068006820F001002168086084
:1039B00005E02068006820F00100216808603B46AF
:1039C000324629462046FDF7CDFDB449206888429D
:1039D0004BD0B24918312068884246D0AF493031C7
:1039E0002068884241D0AD494831206888423CD0A7
:1039F000AA4960312068884237D000E042E1A749F7
:103A000078312068884230D0A449903120688842BB
:103A10002BD0A249A8312068884226D0A04920682E
:103A2000884222D09E491831206888421DD09C4986
:103A300030312068884218D099494831206888423E
:103A400013D097496031206888420ED0944978316C
:103A50002068884209D0924990312068884204D079
:103A60008F49A8312068884201D1012000E0002060
:103A700080B12068006820F01E0040F01600216828
:103A80000860206CB0B12068006840F00800216830
:103A900008600FE02068006820F00E0040F00A0087
:103AA00021680860206C28B12068006840F004009C
:103AB0002168086079492068884270D077491831B8
:103AC000206888426BD0754930312068884266D0C2
:103AD000724948312068884261D07049603120685D
:103AE00088425CD06D4978312068884257D06B4954
:103AF00090312068884252D06849A83120688842B5
:103B00004DD067492068884249D0654918312068FE
:103B1000884244D062493031206888423FD06049B1
:103B20004831206888423AD05D4960312068884237
:103B300035D05B4978312068884230D0584990317F
:103B4000206888422BD05649A8312068884226D068
:103B500054492068884222D0524914312068884252
:103B60001DD0504928312068884218D04D493C3139
:103B70002068884213D04B495031206888420ED0CB
:103B8000484964312068884209D046497831206824
:103B9000884204D043498C312068884201D10120F9
:103BA00000E0002090B1206E006800F4803028B161
:103BB000206E006840F48070216E0860E06E28B1CD
:103BC000E06E006840F48070E16E08603349206860
:103BD000884249D0314918312068884244D02F4961
:103BE0003031206888423FD02C49483120688842D3
:103BF0003AD02A4960312068884235D02749783147
:103C00002068884230D025499031206888422BD0E6
:103C10002249A8312068884226D02149206888425C
:103C200022D01F491831206888421DD01C493031EC
:103C30002068884218D01A4948312068884213D039
:103C400017496031206888420ED0154978312068C4
:103C5000884209D0124990312068884204D0104926
:103C6000A8312068884206D12068006840F0010031
:103C70002168086010E02068006840F001002168B9
:103C8000086009E04FF40060606500BF002084F820
:103C9000340000BF4FF0010840461FE6100002400C
:103CA000100402400854025870B5044601F026F88A
:103CB00006462546681C10B104480078054400BF3C
:103CC00001F01CF8801BA842FAD370BD78000020D8
:103CD00030B5034693F89840012C01D0022C3ED118
:103CE0001868806D084030B91868C06D40F0010058
:103CF0001D68E8650EE01868806D0840884206D1AE
:103D00001868C06D40F002001D68E86502E00320FD
:103D10001D68E86501F4007030B11868D0F8E00063
:103D200010431D68C5F8E00001F4806030B11868E8
:103D3000D0F8E40010431D68C5F8E40000BF18681F
:103D4000406D0B4D0D4028431D68686509480068AB
:103D500040EA9170074D286000BF002030BDD3F8C5
:103D60009C0040F00200C3F89C000120F6E7000030
:103D7000FFFFCF3F14A800402DE9F04104460E4656
:103D80001746706800B900E000BF94F89800022858
:103D900032D12068D0F8C00000F07C5040B9D4F88F
:103DA0009C0040F02000C4F89C000120BDE8F08198
:103DB0002068D0F8C40000F4001038B1D4F89C009A
:103DC00040F40070C4F89C000120EFE72068D0F8B0
:103DD000C400C0F304452B463A4631462046FDF761
:103DE000D9FE0120A8402168C1F8D0000120A840D8
:103DF000C4F894000020D9E7D4F89C0040F00800F3
:103E0000C4F89C000120D1E7704710B5034601B902
:103E100000E000BF93F89800012824D151B9186838
:103E2000D0F8F00020F07C5040EA02601C68C4F832
:103E3000F00016E001290AD11868D0F8A00020F09F
:103E4000FE4040EA02601C68C4F8A00009E018685F
:103E5000D0F8B00020F0FE4040EA02601C68C4F8D0
:103E6000B000002010BDD3F89C0040F00400C3F85F
:103E70009C000120F6E7F0B5024692F89860012E0A
:103E800001D0022E43D1C868072800D100BF0868BE
:103E900018BBC868072800D000BFC86807280BD126
:103EA000088A4FF0605747EA0040CF6940EA072090
:103EB0008F6940EA07040AE0087A80070F7B40EA2E
:103EC000C7600F8A40EA07404F6940EA0704D76E8F
:103ED000486807EB80031C6017E0C868072800D01B
:103EE00000BF0F7B086940EA4774C868072801D102
:103EF0008D6903E00F7A486940EA8775176F486853
:103F000007EBC0031C601B1D1D600020F0BDD2F834
:103F10009C0040F00200C2F89C000120F6E770B55A
:103F20000446049D94F8980001280AD1080140EA4B
:103F3000820040EA430028432668C6F8800000203B
:103F400070BDD4F89C0040F00400C4F89C0001202F
:103F5000F6E77047704700002DE9F04304460D4630
:103F60009C46002394F89880B8F1020F74D1402D3C
:103F700038D12068D0F8A00000F4FE0040B9D4F891
:103F80009C0040F02000C4F89C000120BDE8F083B4
:103F90002068D0F8A40000F07F0038B9D4F89C0065
:103FA00040F48070C4F89C000120EFE72068D0F84E
:103FB000A400C0F3006040B12068D0F8A0004FF02A
:103FC0000109B9EBD07F00D101232068D0F8A4000B
:103FD000C0F305200344606C5843D4F8749009EB97
:103FE00080014BE0412D38D12068D0F8B00000F4BA
:103FF000FE0038B9D4F89C0040F02000C4F89C00C2
:104000000120C3E72068D0F8B40000F07F0038B981
:10401000D4F89C0040F48070C4F89C000120B5E7FF
:104020002068D0F8B400C0F3006040B12068D0F838
:10403000B0004FF00109B9EBD07F00D10123206817
:10404000D0F8B400C0F305200344E06C5843D4F822
:10405000789009EB800111E06DE0206DA84207D84F
:10406000D4F89C0040F02000C4F89C0001208DE7AB
:10407000606D6843D4F87C9009EB8001086800F01B
:1040800080405060506820B90868C0F38A401060D2
:1040900003E0086820F060401060086800F00050FD
:1040A0009060086800F000401061091D088880B227
:1040B000D0610868C0F30340D060086800F4801045
:1040C0005061086800F4001090610868C0F3066051
:1040D00010620868C00F5062091D0F46002603E0F9
:1040E000B85D0CF80600761CDFF85C90D06819F813
:1040F0000000B042F4D8402D03D12068C0F8A830A9
:1041000017E0412D03D12068C0F8B83011E0202D10
:1041100006D20120A840D4F80090C9F8980008E021
:1041200005F01F09012000FA09F0D4F80090C9F841
:104130009C0000202AE7D4F89C0040F00800C4F856
:104140009C00012022E70000AC6D010870470000D0
:104150002DE9F04F8DB00446EF4800688707EE4820
:10416000001D006807EA80772068006D00F4704841
:104170002068406D00EA08082068006D00F00F0913
:104180002068406D00EA09092068006D00F0F00A1F
:104190002068406D00EA0A0A2068006D00F0715B3B
:1041A0002068406D00EA0B0B2068006D00F0607025
:1041B0000C902068406D0C9908400C902068456D6B
:1041C0002068066DC5F3002070B1C6F3002058B119
:1041D00000BF4FF48070216808650020CE49086058
:1041E00000BF2046FFF7B2FFC5F38020C8B1C6F379
:1041F0008020B0B12068D0F8DC000A902068D0F8A8
:10420000E4000A9908400A9000BF4FF480602168DA
:1042100008650020C049086000BF20460A9900F0E8
:104220004CFC67B100BFBD48384021680865B80F35
:10423000B949086000BF39462046FFF7E5FDB8F1EF
:10424000000F0ED000BFB54808EA000021680865DD
:104250004FEA9870B049086000BF4146204600F020
:104260002EFCB9F1000F0ED000BFAC4809EA0000E7
:10427000216808654FEA9970A749086000BF494660
:10428000204600F0DFFBBAF1000F0ED000BFA348BC
:104290000AEA0000216808654FEA9A709E490860A2
:1042A00000BF5146204600F0E7FBC5F3C02070B1C7
:1042B000C6F3C02058B100BF4FF400602168086504
:1042C00000209549086000BF204600F0F9FBC5F3C7
:1042D0004020C8B1C6F34020B0B12068D0F8D80063
:1042E0000B902068D0F8E0000B9908400B9000BFBD
:1042F0004FF400702168086500208749086000BFFE
:1043000020460B9900F0DAFBC5F3C04070B1C6F34C
:10431000C04058B100BF4FF400202168086500205C
:104320007D49086000BF204600F08AFBC5F30040CD
:1043300070B1C6F3004058B100BF4FF4803021681F
:10434000086500207449086000BF204600F0B4FBF7
:10435000C5F3804070B1C6F3804058B100BF4FF440
:1043600080202168086500206B49086000BF204656
:1043700000F0A1FBC5F3404088B1C6F3404070B1E6
:1043800000BF4FF4003021680865002062490860D2
:1043900000BFD4F89C0040F08000C4F89C000C984A
:1043A00070B100BF5D490C980840216808650C9801
:1043B000800F5949086000BF20460C99FFF7CAFDDD
:1043C000BBF1000F10D000BF54480BEA0000216879
:1043D00008654FEA9B705049086000BFD4F89C0004
:1043E00040EA0B00C4F89C004D49206888427DD10A
:1043F0006068806800F00300002877D06068006A79
:1044000000F00F0009906068406A0999084009901F
:104410006068006A00F0300008906068406A08999F
:10442000084008906068006A00F4C07007906068F7
:10443000406A0799084007906068006A00F4FC40F1
:1044400006906068406A0699084006906068006AB5
:1044500000F4F02005906068406A059908400590D6
:104460006068406A02906068006A0190099830B103
:104470000998616808622046099900F019FB0898BC
:1044800030B10898616808622046089900F012FB74
:104490000298C0F38010A0B10198C0F3801080B1E1
:1044A0006068C06B000C04906068C06B00F03F0057
:1044B00003904020616808622046DDE9032100F096
:1044C000F8FA079830B107986168086220460799A2
:1044D00000F0EDFA069840B1069861680862D4F8D9
:1044E0009C0006990843C4F89C0000E00AE0059887
:1044F00040B1059861680862D4F89C0005990843AA
:10450000C4F89C00D4F89C0010B12046FFF721FDB0
:104510000DB0BDE8F08F000010A80040FFFFCF3FB6
:1045200000A0004070B594B004464C22B34901A8E5
:10453000FCF737F814B9012014B070BDB0492068F9
:10454000884203D1206800F580706060A068B0F5F3
:10455000407F00D100BF206C00B100BFA06C00B153
:1045600000BF206D00B100BF206E00B100BFD4E9D4
:104570001710084400B100BF94F8980028B9002033
:1045800084F89900204600F03DF92068806920F009
:1045900010002168886100F0B1FB05460EE000F0D4
:1045A000ADFB401B0A2809D99834606840F001002F
:1045B0006060032004F898090120BDE72068806945
:1045C00000F008000828EAD02068806940F0010067
:1045D0002168886100F092FB05460EE000F08EFB3A
:1045E000401B0A2809D99834606840F001006060D7
:1045F000032004F8980901209EE72068806900F0F4
:1046000001000028EAD02068806940F0020021689B
:104610008861207C012806D12068806920F0400054
:104620002168886105E02068806940F040002168C9
:104630008861607C012806D12068806940F4804050
:104640002168886105E02068806920F48040216845
:104650008861A07C012806D12068806920F4805000
:104660002168886105E02068806940F480502168F5
:1046700088612068806920F44070A168084321683F
:1046800088612068806920F0A40021688861206822
:10469000006920F0100021680861E068012806D157
:1046A0002068806940F004002168886120E0E068AB
:1046B000F0B1E068022815D02068806940F08000E1
:1046C000216888612068006940F010002168086155
:1046D000E06803280CD12068806940F02000216840
:1046E000886105E02068806940F0200021688861C9
:1046F000207E401E4106E069401E41EA0020216AFA
:10470000491E0843A18A491E40EA01402168C86148
:10471000A068B0F5407F0FD1A06A401EE16A491E33
:1047200040EA0121206B401E41EA0011A08C401E8E
:1047300041EA00402168C860206E38B12068D0F896
:10474000C000616E08432168C1F8C000D4E91710A9
:10475000084460B12068D0F8C80020F0070001AA22
:10476000A16E52F8211008432168C1F8C800206CDE
:1047700060B12068D0F8BC0020F0070001AA616C8D
:1047800052F8211008432168C1F8BC00A06C68B140
:104790002068D0F8BC0020F0700101AAE06C52F84B
:1047A000200041EA00102168C1F8BC00206D68B10A
:1047B0002068D0F8BC0020F4E06101AA606D52F8D6
:1047C000200041EA00202168C1F8BC000C492068A3
:1047D000884205D16068806820F0030061688860C5
:1047E000002044F8940FA06001202071943C2046E2
:1047F000FDF7C0F8064630469EE60000BC6D010895
:1048000000A0004010B5B6B00446142130A8FBF754
:10481000FAFEB82102A8FBF7F6FE8249206888421A
:1048200051D14FF400410020CDE9021048031D9002
:1048300002A801F0AFFC08B1FDF769F87A480068FA
:10484000401C794908600846006801280DD100BF66
:104850007648006840F48070744908600846006833
:1048600000F48070019000BF00BF00BF6F480C389B
:10487000006840F008006D490C390860084600687F
:1048800000F00800019000BF00BF0320309002201C
:1048900031900020329033900920349030A9644840
:1048A00000F02EF900221146132000F0BBFA13206D
:1048B00000F0A4FA00221146152000F0B3FA1520EA
:1048C00000F09CFAABE05B492068884251D14FF47C
:1048D00000410020CDE9021048031D9002A801F01C
:1048E00059FC08B1FDF713F84F480068401C4E49C9
:1048F00008600846006801280DD100BF4B480068D9
:1049000040F48070494908600846006800F48070EF
:10491000019000BF00BF00BF44480C38006840F061
:10492000020042490C3908600846006800F00200A5
:10493000019000BF00BF6020309002203190002025
:10494000329033900920349030A93B4800F0D8F8D9
:1049500000221146142000F065FA142000F04EFAEF
:1049600000221146162000F05DFA162000F046FAEB
:1049700055E032492068884251D14FF4004100206F
:10498000CDE9021048031D9002A801F003FC08B114
:10499000FCF7BDFF24480068401C23490860084616
:1049A000006801280DD100BF2048006840F48070E5
:1049B0001E4908600846006800F48070019000BF3E
:1049C00000BF00BF19480C38006840F008001749C4
:1049D0000C3908600846006800F00800019000BF2C
:1049E00000BF4FF4405030900220319000203290B0
:1049F00033900520349030A90D4800F081F8002252
:104A000011469F2000F00EFA9F2000F0F7F90022D7
:104A10001146A02000F006FAA02000F0EFF936B011
:104A200010BD000000A0004000000024EC4402582B
:104A3000000C025800A400400004025800D40040BA
:104A40007047000070B504460D460848844201D105
:104A50000DF0F4FF0648844201D10EF045F80548F8
:104A6000844201D10EF062F870BD0000D40500242C
:104A700074060024140700247047014691F898003A
:104A800001280CD1022081F898000868806920F084
:104A900001000A6890610020C1F89C007047D1F8BD
:104AA0009C0040F00400C1F89C000120F6E770472C
:104AB000704770477047704770477047704770473E
:104AC0007047000005490978012906D1B0F5806FCB
:104AD00002D1034A117000E000BF7047F9000024C2
:104AE000F800002410B5044604480068204020B1B6
:104AF000024804602046FFF7E5FF10BD880000581B
:104B0000F8B502460B4600216D4DD2E001278F40DB
:104B10001E6806EA0704002C72D01E7906F0030610
:104B2000012E04D01E7906F00306022E13D19068E0
:104B30004F000326BE40B0434F00DE68BE40304306
:104B40009060506801268E40B0431E79C6F300166F
:104B50008E40304350601E7906F00306032E09D0C4
:104B6000D0684F000326BE40B0434F009E68BE4051
:104B70003043D0601E7906F00306022E13D1CF0811
:104B800002F1200656F827004E07F70E0F26BE400A
:104B9000B0434F07FF0E1E69BE403043CF0802F1FD
:104BA000200646F8270010684F000326BE40B04399
:104BB0001E7906F003064F00BE40304310605E6869
:104BC00006F44036002E73D000BF3E4E366846F0E5
:104BD00002063C4F3E603E46366806F002060096EE
:104BE00000BF00BF384E8F0856F827008E07370FDA
:104BF0000F26BE40B043354EB24202D1002629E016
:104C000056E0334EB24201D1012623E0314EB2428A
:104C100001D102261EE0304EB24201D1032619E036
:104C20002E4EB24201D1042614E02D4EB24201D1E3
:104C300005260FE02B4EB24201D106260AE02A4E8D
:104C4000B24201D1072605E0284EB24201D1092621
:104C500000E00A268F073F0FBE4030431A4E8F08F0
:104C600046F827004FF0B0463068A0435E6806F46F
:104C7000801606B120434FF0B04630607068A04304
:104C80005E6806F4001606B120434FF0B04670602F
:104C90006868A0435E6806F4003606B12043686089
:104CA0002868A0435E6806F4803606B12043286079
:104CB000491C1E68CE40002E7FF428AFF8BD0000CE
:104CC00080000058F44402580804005800000258BC
:104CD0000004025800080258000C02580010025844
:104CE0000014025800180258001C025800240258F0
:104CF0000AB1816101E00B048361704701480068DB
:104D000070470000700000200348006803490978DC
:104D100008440149086070477000002078000020B6
:104D200010B5032000F0BCF802F072FA10490968CF
:104D3000C1F303210F4A515C01F01F0120FA01F475
:104D40000B48006800F00F001146085C00F01F00DF
:104D500024FA00F008490860084804600F2000F0B9
:104D60000FF808B1012010BD00F036F80020FAE776
:104D700018440258306E01081C000024180000245A
:104D800070B504461148007808B9012070BD0F487D
:104D900000784FF47A71B1FBF0F00D490968B1FB6E
:104DA000F0F5284603F0F4FA08B10120EEE7102CE4
:104DB00007D200222146501E00F034F80548046056
:104DC00001E00120E2E70020E0E700007800002099
:104DD000180000247400002008B500BF06480068D1
:104DE00040F00200044908600846006800F0020034
:104DF000009000BF00BF08BDF444025801460846B9
:104E000000280DDB00BF00BF00F01F0301229A4005
:104E100043099B0003F1E023C3F8002100BF00BF5A
:104E200000BF70472DE9F05F80460D4616460AF038
:104E3000C9FB074639462A46334601F00700C0F150
:104E4000070ABAF1040F02D94FF0040A01E0C0F1D9
:104E5000070AD14600F1040ABAF1070F02D24FF057
:104E6000000A01E0A0F1030AD4464FF0010A0AFA51
:104E700009FAAAF1010A0AEA020A0AFA0CFA4FF040
:104E8000010B0BFA0CFBABF1010B0BEA030B4AEA2B
:104E90000B04214640460AF09DFBBDE8F09F000050
:104EA00000BF00F00702064B19684FF6FF031940D8
:104EB000044B0B4343EA0221014B196000BF7047CA
:104EC0000CED00E00000FA0501460A680120C1F877
:104ED000D804002081F8CC04906940F00060906113
:104EE000506D024B184350650020704703000010BE
:104EF000704702461068416200207047F0B50346D3
:104F000015461868446A21B944EA05401E68B06233
:104F100019E01868806A04EB1044002208E0186861
:104F200000F5827050F8220004EB1044501CC2B20D
:104F3000481E9042F3D844EA0547186800F582708D
:104F40004E1E40F826700020F0BD10B50446D4F87F
:104F5000E00408F027FE10BD70B504460D4605EBD1
:104F6000C50304F1140101EB8301CA682946D4F892
:104F7000E00408F012FD70BD70B504460D4605EB67
:104F8000C50304F5157101EB8301CA682946D4F8FD
:104F9000E00408F086FD70BD10B50446D4F8E004C6
:104FA00008F003FE10BD2DE9F04104460D4605F062
:104FB0008000802808D105F00F0000EBC00104F14B
:104FC000140000EB810607E005F00F0000EBC001C4
:104FD00004F5157000EB8106314620680AF034F8BC
:104FE00007463846BDE8F08170B504460E4606F027
:104FF000800080280AD106F00F0000EBC00104F108
:10500000140000EB81050120687009E006F00F0034
:1050100000EBC00104F5157000EB810500206870FD
:1050200006F00F00287000BF94F89404012801D105
:10503000022070BD012084F8940400BF2946206836
:1050400009F09AFB00BF002084F8940400BF00BF61
:10505000EFE770B504460E4606F00F00217988424E
:1050600001D9012070BD06F0800080280AD106F029
:105070000F0000EBC00104F1140000EB81050120DA
:10508000687009E006F00F0000EBC00104F5157030
:1050900000EB8105002068700020A87006F00F006A
:1050A000287000BF94F89404012801D10220D9E7A8
:1050B000012084F8940400BF2946206809F056FDB9
:1050C00000BF002084F8940400BF00BFCAE7024676
:1050D00001F00F0000EBC00302F5157000EB830038
:1050E000406970472DE9F04705460E4690461F4639
:1050F0004FF0000906F0800080280AD106F00F006A
:1051000000EBC00105F1140000EB81040120607088
:1051100009E006F00F0000EBC00105F5157000EB8B
:1051200081040020607006F00F002070C4F8088031
:105130002771607808B120786083022F01D10020A8
:10514000607100BF95F89404012802D10220BDE8E7
:10515000F087012085F8940400BF2146286809F0F3
:1051600015FA00BF002085F8940400BF4846EEE71A
:105170002DE9F04105460E461746984606F00F0009
:1051800000EBC00105F5157000EB8104E760C4F881
:10519000108000206061607006F00F002070A87918
:1051A000012800D1E761AA792146286809F072FD3B
:1051B0000020BDE8F08170B504460D4605F00F00F3
:1051C0002179884201D9012070BD05F08000802836
:1051D0000AD105F00F0000EBC00104F1140000EB50
:1051E00081060120707007E005EBC50104F515701C
:1051F00000EB8106002070700120B07005F00F00F8
:10520000307000BF94F89404012801D10220DBE73C
:10521000012084F8940400BF3146206809F0EDFCB9
:1052200005F00F0028B9A17904F29C42206809F02A
:1052300065FC00BF002084F8940400BF00BFC3E7F2
:105240002DE9F04105460E461746984606F00F0038
:1052500000EBC00105F1140000EB8104E760C4F825
:105260001080002060610120607006F00F00207047
:10527000A879012800D1E761AA792146286809F0B8
:1052800009FD0020BDE8F0812DE9FE4F0446D4F869
:1052900000B05E46206809F0B9FF002874D120688C
:1052A00009F0F3FF08B9BDE8FE8F40F60800805909
:1052B000C0F30D20C4F8D404206809F0E6FF00F024
:1052C0000200022805D12068406900F00200216830
:1052D0004861206809F0D9FF00F01000102845D17E
:1052E0002068806920F0100021688861DBF8209038
:1052F00009F00F0000EBC00104F5157000EB810A06
:10530000C9F3434002281AD147F6F07009EA0000B9
:1053100030B3C9F30A125846DAF80C1009F0BAFF94
:10532000C9F30A11DAF80C000844CAF80C00C9F3F2
:105330000A11DAF814000844CAF8140010E0C9F39E
:10534000434006280CD1082204F29C41584609F03B
:10535000A1FFC9F30A11DAF814000844CAF81400CE
:105360002068806940F0100021688861206809F099
:105370008CFF00F40020B0F5002F7BD100252068C1
:1053800009F053FF029072E003E3029800F001007D
:10539000002868D0E9B2206809F06AFF804608F06A
:1053A000010048B1012106F5306000EB4510816035
:1053B0002946204605F0D8F808F00800082809D149
:1053C000082106F5306000EB451081602946204633
:1053D00005F098F808F01000102805D1102106F506
:1053E000306000EB4510816008F00200022824D1F3
:1053F000DBF8140000F08000802807D140F604009C
:10540000805940F4806140F60400815105EBC501EC
:1054100004F5157000EB810A9AF80300012806D103
:1054200000208AF80300E9B2204600F0BDFA02210C
:1054300006F5306000EB4510816008F02000202860
:1054400005D1202106F5306000EB4510816008F49D
:105450000050B0F5005F06D14FF4005106F5306002
:1054600000EB451081606D1C029840080290029884
:1054700000288AD1206809F008FF00F48020B0F5E8
:10548000802F7DD1206809F0C6FE029000259AE0A9
:10549000029800F00100002873D0E9B2206809F0FA
:1054A000CEFE804608F00100F0B305F00F010120A8
:1054B0008840019040F634008159019821EA0000AB
:1054C00040F634018851012106F5106000EB4510CB
:1054D0008160A079012824D105EBC50104F11400F5
:1054E00000EB810005EBC502C16804F1140000EB7C
:1054F00082008068014405EBC50204F1140000EB52
:105500008200C1606DB905EBC50104F1140000EB28
:105510008100006928B904F29C420121206809F049
:10552000EDFAE9B2204600E001E0FFF715FD08F0D2
:105530000800082805D1082106F5106000EB451089
:10554000816008F01000102805D1102106F51060C8
:1055500000EB4510816008F04000402805D1402153
:1055600006F5106000EB4510816008F0020002288B
:105570001DD12946584609F00CFE05EBC50101E096
:1055800025E01CE004F1140000EB810A9AF8030006
:10559000012806D100208AF80300E9B2204600F075
:1055A000FAF9022106F5106000EB4510816008F061
:1055B0008000802803D12946204605F077F86D1C2D
:1055C000029840080290029800287FF461AF20689A
:1055D00009F05BFE00F00040B0F1004F1CD140F636
:1055E0000400805920F0010140F60400815194F834
:1055F000CC04012807D1002084F8CC0400212046E7
:10560000FFF776FC02E0204600F0D6FA20684069F9
:1056100000F0004021684861206809F036FE00F47F
:105620000060B0F5006F0ED140F60800805900F020
:10563000010010B1204600F017FB2068406900F41B
:10564000006021684861206809F01FFE00F00060DA
:10565000B0F1006F19D12068406900F00060216846
:10566000486194F8CC0468B9012084F8CC0420681F
:10567000406DC0F38300C4F8D00401212046FFF739
:1056800037FC02E0204600F0EFFA206809F0FDFD4B
:1056900000F48050B0F5805F7ED140F60400805960
:1056A00020F0010140F6040081511021206809F02A
:1056B00070FD002732E04FF67F3106F5106000EBF9
:1056C0004710816006F5106000EB4710006820F479
:1056D000001106F5106000EB471001604FF67F31B6
:1056E00006F5306000EB4710816006F5306000EB96
:1056F0004710006820F4001106F5306000EB4710F9
:10570000016006F5306000EB4710006840F0006172
:1057100006F5306000EB471001607F1C2079B8422D
:10572000C9D840F61C00805940F0011140F61C0019
:105730008151E07B70B1D6F8840840F00B01C6F8C7
:10574000841840F64400805940F00B0140F64400B4
:1057500081510FE040F61400805942F22B010843BA
:1057600040F614018851081F805940F00B014FF496
:1057700001608151D6F8000820F4FE60C6F80008E8
:10578000A17904F29C42206809F0B8F920684069C8
:1057900000F48050216800E000E04861206809F0D2
:1057A00074FD00F40050B0F5005F17D1206808F0D8
:1057B00055FF206809F017FDE07101F0DFFC009053
:1057C000E2792068009909F0E7FD204600F0DCF955
:1057D0002068406900F4005021684861206809F0A1
:1057E00054FD00F00800082808D1204600F0EBF92D
:1057F0002068406900F0080021684861206809F0CD
:1058000044FD00F08000802818D1DBF8180020F05B
:105810008000CBF8180001250DE005EBC50104F56B
:10582000157000EB8100C078012803D1E9B2204651
:10583000FFF7B9FB6D1C2079A842EED8206809F06B
:1058400024FD00F48010B0F5801F2DD1012522E049
:1058500006F5106000EB4510D0F8009005EBC5018F
:1058600004F1140000EB81000079012812D109F045
:105870000040B0F1004F0DD1012105EBC50204F14C
:10588000140000EB8200C170E8B240F080012046B5
:10589000FFF789FB6D1C2079A842D9D820684069A0
:1058A00000F4801021684861206809F0EEFC00F4E3
:1058B0000010B0F5001F44D1012538E006F5306036
:1058C00000EB4510D0F8009005EBC50104F515700C
:1058D00000EB81000079012828D109F00040B0F1E7
:1058E000004F23D109F4803094F8D41401F0010161
:1058F00088421BD1012105EBC50204F5157000EBB0
:105900008200C170DBF8180040F08000CBF818006E
:10591000DBF8140000F0800040B940F60400805924
:1059200040F4007140F60400815103E06D1C2079C1
:10593000A842C3D800BF2068406900F40010216865
:105940004861206809F0A1FC00F08040B0F1804F70
:1059500008D12046FFF7F9FA2068406900F080403E
:1059600021684861206809F090FC00F004000428D8
:105970000FD12068D0F8049009F00400042802D167
:105980002046FFF709FB2068406840EA09002168CB
:10599000486000BF87E470B504460D462946D4F838
:1059A000E00408F073F970BD70B504460D46294651
:1059B000D4F8E00408F08EF970BD38B504460CB98F
:1059C000012038BD94F8950428B9002084F8940487
:1059D000204600F0A1F8032084F89504206809F01F
:1059E00085F8207C8DF8000094E80F0008F04AFE4E
:1059F00020B1022084F895040120E2E7002120680C
:105A000009F078FC20B1022084F895040120D8E741
:105A1000002531E0012105EBC50204F1140000EB83
:105A20008200417005EBC50104F1140000F821501B
:105A300005EBC50100EB81004583002105EBC502A4
:105A400004F1140000EB8200017105EBC50204F1C2
:105A5000140000EB8200816005EBC50204F1140024
:105A600000EB8200C16005EBC50204F1140000EBFD
:105A700082000161681CC5B22079A842CADC0025F9
:105A80002AE0002105EBC50204F5157000EB820049
:105A9000417005EBC50104F5157000F82150002197
:105AA00005EBC50200EB8200017105EBC50204F5B0
:105AB000157000EB8200816005EBC50204F51570DE
:105AC00000EB8200C16005EBC50204F5157000EB28
:105AD00082000161681CC5B22079A842D1DC207C1B
:105AE0008DF8000094E80F0008F010FF20B10220AC
:105AF00084F89504012064E700206074012084F894
:105B00009504207B012802D12046FFF7DDF92068AB
:105B100008F0EAFE002054E710B5B0B00446B82102
:105B200002A8FAF770FD16492068884225D14FF483
:105B300080210020CDE902104FF44010239002A8EC
:105B400000F028FB08B1FBF7E2FE00F0D7F800BF39
:105B50000C48006840F000700A4908600846006878
:105B600000F00070019000BF00BF002211464D20E0
:105B7000FFF758F94D20FFF741F930B010BD000094
:105B800000000440D844025870B504460125E0796D
:105B900008B9002506E0E079022801D1012501E0DD
:105BA000FBF7B5FE2946D4F8E00408F03CF9D4F838
:105BB000E00408F0E3F870BD10B50446D4F8E00442
:105BC00008F012F910BD10B50446D4F8E00408F04E
:105BD00016F910BD70B504460D4600BF94F8940444
:105BE000012801D1022070BD012084F8940400BF77
:105BF00065742946206809F0B1FB00BF002084F8D5
:105C0000940400BF00BFEEE710B5044604F29C41C7
:105C1000D4F8E00408F01EF910BD70B504462568FC
:105C200000BF94F89404012801D1022070BD012026
:105C300084F8940400BFE86800F0400030B1607B55
:105C4000012803D1A86B40F48030A863206809F0D4
:105C500071FA206808F036FE00BF002084F8940432
:105C600000BF00BFE2E7000010B50446D4F8E0042E
:105C700008F04DF92068D0F8000E40F001002168CE
:105C8000C1F8000EE07A28B10348006840F0060031
:105C90000149086010BD000010ED00E070B5044639
:105CA00015480068C0F3800048B91348006800F048
:105CB0000700A04201D0012070BD0020FCE70E4883
:105CC000006820F0070020430B490860FFF716F832
:105CD000054607E0FFF712F8401BB0F57A7F01D9BF
:105CE0000120E9E7044808380068C0F34030002884
:105CF000F0D00020E0E700000C480258034800689C
:105D000040F0807001490860704700000C4802585C
:105D100010B501F033FA05490968C1F30211044ACC
:105D2000515C01F01F01C84010BD00002044025822
:105D3000306E010870B50146844D2D6805F00303EF
:105D4000824D2D68C5F30530804D2D1D2D68C5F39E
:105D500000147E4D14352D68C5F3CC0515FB04F5F4
:105D600001EE105AB8EE411AF0EE410A00286FD049
:105D700023B1012B4ED0022B6BD16BE0734D283D2C
:105D80002D68C5F340153DB3704D283D2D68C5F312
:105D9000C1066F4D25FA06F201EE102AF8EE411AFF
:105DA00001EE100AB8EE411A81EE812A9FED691AC0
:105DB000C0EE811A654D10352D68C5F3080501EE5A
:105DC000105AB8EE411A31EE811AF7EE001A31EE90
:105DD000211A22EE010A1CE001EE100AB8EE411A67
:105DE000DFED5D1A81EE812A9FED5A1AC0EE811A0D
:105DF000564D10352D68C5F3080501EE105AB8EE62
:105E0000411A31EE811AF7EE001A31EE211A22EE14
:105E1000010A5BE001EE100AB8EE411ADFED4F1AFD
:105E200081EE812A9FED4B1AC0EE811A474D103545
:105E30002D68C5F3080501EE105AB8EE411A31EE8F
:105E4000811AF7EE001A31EE211A22EE010A3DE026
:105E500077E01DE001EE100AB8EE411A9FED402AEE
:105E6000C2EE011A9FED3B1A80EE812A374D1035A4
:105E70002D68C5F3080501EE105AB8EE411A32EE4E
:105E8000011AB7EE002A31EE021A21EE810A1DE056
:105E900001EE100AB8EE411ADFED301A81EE812AC8
:105EA0009FED2C1AC0EE811A284D10352D68C5F3D0
:105EB000080501EE105AB8EE411A31EE811AF7EEDC
:105EC000001A31EE211A22EE010A00BF00BF1F4D59
:105ED00010352D68C5F3462501EE105AB8EE411A6B
:105EE000F7EE001A31EE211AC0EE011ABCEEE11AEB
:105EF00081ED001A154D10352D68C5F3064501EEEC
:105F0000105AB8EE411AF7EE001A31EE211AC0EE1F
:105F1000011ABCEEE11A81ED011A0C4D10352D6805
:105F2000C5F3066501EE105AB8EE411AF7EE001AF5
:105F300031EE211AC0EE011ABCEEE11A81ED021A0F
:105F400003E000250D604D608D6070BD284402584F
:105F50000090D003000000460024744C0024744AD2
:105F6000001BB74B70B50146844D2D6805F0030347
:105F7000824D2D68C5F30550804D2D1D2D68C5F34C
:105F800000247E4D1C352D68C5F3CC0515FB04F5AA
:105F900001EE105AB8EE411AF0EE410A00286FD017
:105FA00023B1012B4ED0022B6BD16BE0734D283DFA
:105FB0002D68C5F340153DB3704D283D2D68C5F3E0
:105FC000C1066F4D25FA06F201EE102AF8EE411ACD
:105FD00001EE100AB8EE411A81EE812A9FED691A8E
:105FE000C0EE811A654D18352D68C5F3080501EE20
:105FF000105AB8EE411A31EE811AF7EE001A31EE5E
:10600000211A22EE010A1CE001EE100AB8EE411A34
:10601000DFED5D1A81EE812A9FED5A1AC0EE811ADA
:10602000564D18352D68C5F3080501EE105AB8EE27
:10603000411A31EE811AF7EE001A31EE211A22EEE2
:10604000010A5BE001EE100AB8EE411ADFED4F1ACB
:1060500081EE812A9FED4B1AC0EE811A474D18350B
:106060002D68C5F3080501EE105AB8EE411A31EE5D
:10607000811AF7EE001A31EE211A22EE010A3DE0F4
:1060800077E01DE001EE100AB8EE411A9FED402ABC
:10609000C2EE011A9FED3B1A80EE812A374D18356A
:1060A0002D68C5F3080501EE105AB8EE411A32EE1C
:1060B000011AB7EE002A31EE021A21EE810A1DE024
:1060C00001EE100AB8EE411ADFED301A81EE812A96
:1060D0009FED2C1AC0EE811A284D18352D68C5F396
:1060E000080501EE105AB8EE411A31EE811AF7EEAA
:1060F000001A31EE211A22EE010A00BF00BF1F4D27
:1061000018352D68C5F3462501EE105AB8EE411A30
:10611000F7EE001A31EE211AC0EE011ABCEEE11AB8
:1061200081ED001A154D18352D68C5F3064501EEB1
:10613000105AB8EE411AF7EE001A31EE211AC0EEED
:10614000011ABCEEE11A81ED011A0C4D18352D68CB
:10615000C5F3066501EE105AB8EE411AF7EE001AC3
:1061600031EE211AC0EE011ABCEEE11A81ED021ADD
:1061700003E000250D604D608D6070BD284402581D
:106180000090D003000000460024744C0024744AA0
:10619000001BB74B2DE9F04104460025A8464FF0FF
:1061A0000062D4E9001011400020134659404040DD
:1061B000014331D1606E48B1B0F5801F0DD0B0F50C
:1061C000001F11D0B0F5401F16D114E0FE48006842
:1061D00040F40030FC49086010E0022104F108009E
:1061E00004F00CFC054609E0022104F1280004F04B
:1061F000B7FC054602E001E0012500BF00BF55B92C
:10620000F1482430006820F44010616E0843EE49E4
:106210002431086000E0A8464FF48072D4E90010F1
:106220001140002013465940404001432ED1A06D3B
:1062300005281BD2DFE800F0030A11181900E24814
:10624000006840F40030E049086011E0002104F1EA
:10625000080004F0D3FB05460AE0002104F1280001
:1062600004F07EFC054603E002E001E0012500BFEA
:1062700000BF55B9D4482430006820F00700A16D54
:106280000843D1492431086000E0A8464FF48062F9
:10629000D4E900101140002013465940404001430A
:1062A0003DD1D4F8A400B0F5C00F24D007DC68B10C
:1062B000B0F5001F11D0B0F5800F1FD114E0B0F57C
:1062C000000F19D0B0F5200F18D116E0BE480068B5
:1062D00040F40030BC49086012E0002104F10800DD
:1062E00004F08CFB05460BE0002104F1280004F0CB
:1062F00037FC054604E003E002E001E0012500BFB1
:1063000000BF5DB9B0482C30006820F46000D4F8BC
:10631000A4100843AC492C31086000E0A8464FF4B3
:106320000062D4E900011040002113465840494062
:1063300008433DD1D4F8A800B0F1407F24D007DC59
:1063400068B1B0F1807F11D0B0F1007F1FD114E0AF
:10635000B0F1806F19D0B0F1A06F18D116E09A4853
:10636000006840F400309849086012E0002104F110
:10637000080004F043FB05460BE0002104F128006F
:1063800004F0EEFB054604E003E002E001E0012535
:1063900000BF00BF5DB98C482C30006820F0E06081
:1063A000D4F8A810084388492C31086000E0A846BA
:1063B0004FF00073D4E900101940002059404040CC
:1063C000014328D1E06CA8B1102804D0202809D0BE
:1063D000302810D10DE07C48006840F400307A4944
:1063E00008600AE0022104F1080004F007FB0546FA
:1063F00003E002E001E0012500BF00BF55B972488B
:106400002030006820F03000E16C08436E492031F4
:10641000086000E0A8464FF48053D4E9001019400A
:10642000002059404040014337D1E06DB0F5005F96
:106430001AD004DC50B1B0F5805F1ED10DE0B0F58C
:10644000405F18D0B0F5804F17D115E05E48006866
:1064500040F400305C49086011E0002104F10800BC
:1064600004F0CCFA05460AE0002104F1280004F00B
:1064700077FB054603E002E001E0012500BF00BF15
:1064800055B951482430006820F4E040E16D0843DC
:106490004D492431086000E0A8464FF40053D4E988
:1064A00000101940002059404040014335D1206E72
:1064B000B0F5403F1ED007DC68B1B0F5803F0BD08F
:1064C000B0F5003F19D10EE0B0F5802F13D0B0F534
:1064D000A02F12D110E012E0012104F1080004F015
:1064E0008DFA05460BE0012104F1280004F038FB89
:1064F000054604E003E002E001E0012500BF00BF23
:1065000055B931482430006820F4E020216E08435A
:106510002D492431086000E0A8464FF48042D4E9B8
:10652000000110400021134658404940084337D12C
:10653000D4F8AC00B0F1405F1ED007DC68B1B0F118
:10654000805F0BD0B0F1005F19D10EE0B0F1804F49
:1065500013D0B0F1A04F12D110E012E0012104F1EC
:10656000080004F04BFA05460BE0012104F1280075
:1065700004F0F6FA054604E003E002E001E001253C
:1065800000BF00BF5DB910482C30006820F0E0402B
:10659000D4F8AC1008430C492C31086000E0A84640
:1065A0004FF40043D4E9000118400021584049400D
:1065B00008432AD1E06EB8B1B0F1805F06D0B0F1E7
:1065C000005F12D109E000002C440258F94800682D
:1065D00040F40030F749086009E0012104F10800A7
:1065E00004F00CFA054602E001E0012500BF00BFFF
:1065F00055B9F0482430006820F04050E16E08435F
:10660000EC492431086000E0A8464FF08073D4E9DB
:1066100000101940002059404040014328D1A06C8F
:10662000A8B1012804D0022809D0032810D10DE018
:10663000E048006840F40030DE4908600AE00221CA
:1066400004F1080004F0DAF9054603E002E001E095
:10665000012500BF00BF55B9D6482030006820F0A2
:106660000300A16C0843D3492031086000E0A8462C
:106670004FF48003D4E900101940002059404040F5
:1066800001437DD1CC48006840F48070CA4908605D
:10669000FEF734FB064606E0FEF730FB801B64285D
:1066A00001D9032505E0C448006800F48070002883
:1066B000F2D000BF85BBBF484430006800F4407092
:1066C000B4F8B01001F44071884213D0B948443096
:1066D000006820F44077B7484430006840F48030C8
:1066E000B449443108600846006820F480300860EE
:1066F00008460760D4F8B000B0F5807F15D1FEF7EA
:10670000FDFA064609E0FEF7F9FA801B41F28831EE
:10671000884202D9032507E038E0A64844300068E3
:10672000C0F340000028EED000BF55BB00BFB4F856
:10673000B00000F44070B0F5407F0ED19D481C3889
:10674000006820F47C519D4AD4F8B000104041EA22
:10675000101098491C39086007E096481C380068FA
:1067600020F47C5093491C390860924844300068FA
:10677000B4F8B010C1F30B0108438E49443101E075
:1067800005E001E0086002E0A84600E0A84601221A
:10679000D4E9000110400021134658404940084305
:1067A00030D1A06F18281AD005DC48B1082808D0CD
:1067B000102817D10CE0202812D0282812D110E080
:1067C00012E0012104F1080004F018F905460BE07D
:1067D000012104F1280004F0C3F9054604E003E0B8
:1067E00002E001E0012500BF00BF55B97148283023
:1067F000006820F03800A16F08436E492831086016
:1068000000E0A8460223D4E90010194000205940B6
:106810004040014329D1606F062816D2DFE800F01E
:1068200003040B12131412E0012104F1080004F018
:10683000E5F805460BE0012104F1280004F090F989
:10684000054604E003E002E001E0012500BF00BFCF
:1068500055B958482830006820F00700616F084398
:1068600054492831086000E0A8460422D4E9001009
:106870001140002013465940404001432BD1D4F829
:106880009000062816D2DFE800F003040B12131460
:1068900012E0012104F1080004F0B0F805460BE015
:1068A000012104F1280004F05BF9054604E003E04F
:1068B00002E001E0012500BF00BF5DB93D482C307A
:1068C000006820F00700D4F89010084339492C31B3
:1068D000086000E0A8462023D4E900011840002108
:1068E00058404940084337D1D4F88C00B0F1405F9C
:1068F0001ED007DC68B1B0F1805F0BD0B0F1005F53
:1069000019D10EE0B0F1804F13D0B0F1A04F12D1E9
:1069100010E012E0002104F1080004F06FF80546D1
:106920000BE0022104F1280004F01AF9054604E006
:1069300003E002E001E0012500BF00BF5DB91D4892
:106940002830006820F0E040D4F88C100843194942
:106950002831086000E0A8464023D4E9001019401F
:1069600000205940404001433CD1D4F89800B0F594
:10697000406F25D007DC68B1B0F5806F0BD0B0F563
:10698000006F20D10EE0B0F5805F1AD0B0F5A05FA7
:1069900019D117E019E0002104F1080004F02EF8E5
:1069A000054612E0022104F1280004F0D9F805465A
:1069B0000BE000002C44025800480258FFFCFF0F77
:1069C00003E002E001E0012500BF00BF4DB9FE4831
:1069D000006820F4E050D4F898100843FA490860A1
:1069E00000E0A8468023D4E9001019400020594057
:1069F0004040014335D1D4F89C00B0F5C04F1ED0C3
:106A000007DC68B1B0F5005F0BD0B0F5804F19D14D
:106A10000EE0B0F5004F13D0B0F5204F12D110E0CA
:106A200012E0002104F1080003F0E8FF05460BE046
:106A3000022104F1280004F093F8054604E003E085
:106A400002E001E0012500BF00BF4DB9DE4800684B
:106A500020F46040D4F89C100843DB49086000E053
:106A6000A8460823D4E900011840002158404940B5
:106A7000084317D1D4F88000B0F5805F07D1022118
:106A800004F1280004F06CF808B14FF00108CE487A
:106A9000001F006820F44050D4F880100843CA4911
:106AA000091F08601023D4E9000118400021584054
:106AB0004940084315D1D4F89400B0F5807F07D140
:106AC000022104F1280004F04BF808B14FF001084E
:106AD000BD48006820F44070D4F894100843BA49C7
:106AE00008604FF40023D4E9000118400021584009
:106AF0004940084327D1D4F8A00030B1B0F5803F19
:106B00000AD0B0F5003F0FD10DE0002104F10800DC
:106B100003F074FF054609E0022104F1280004F0A7
:106B20001FF8054602E001E0012500BF00BF4DB996
:106B3000A548006820F44030D4F8A0100843A249CA
:106B4000086000E0A8464FF48023D4E90001184013
:106B500000215840494008432DD1D4F88400B0F5B5
:106B6000801F06D0B0F5001F0CD0B0F5401F11D12A
:106B70000FE095482C38006840F4003092492C39D9
:106B8000086009E0012104F1280003F0E9FF05464F
:106B900002E001E0012500BF00BF5DB98A48001F87
:106BA000006820F44010D4F8841008438649091F77
:106BB000086000E0A8464FF48032D4E9000110409C
:106BC0000021134658404940084325D1206D18B193
:106BD000B0F5803F10D108E07B482C38006840F4C5
:106BE000003079492C39086008E0022104F10800DE
:106BF00003F004FF054601E0012500BF00BF55B9C1
:106C000071480C38006820F48030216D08436E49CB
:106C10000C39086000E0A8464FF00053D4E900109A
:106C20001940002059404040014307D1022104F19E
:106C3000280003F095FF08B14FF001084FF400322F
:106C4000D4E9000110400021134658404940084350
:106C500027D1E06FA0B1B0F5807F06D0B0F5007FFE
:106C60000CD0B0F5407F0CD109E057482C380068B3
:106C700040F4003054492C39086004E003E002E09D
:106C800001E0012500BF00BF55B94F48001F006853
:106C900020F44070E16F08434B49091F086000E091
:106CA000A8464FF48012D4E900101140002013468A
:106CB00059404040014309D143480838006820F05A
:106CC0000040216F08434049083908604FF4001321
:106CD000D4E900011840002158404940084309D137
:106CE00039480838006820F08070A16E08433649A2
:106CF000083908604FF08043D4E9001019400020A3
:106D000059404040014311D100BF2F484838006826
:106D100020F400402C494839086008460068D4F83F
:106D2000B410084328494839086000BF4FF00042BA
:106D3000D4E900011040002113465840494008435F
:106D400009D121480C38006820F04050616D08439B
:106D50001D490C3908604FF40002D4E900101140BD
:106D6000002013465940404001430AD11648001FF5
:106D7000006820F44000D4F8881008431249091F25
:106D800008600122002160681040494050400143E2
:106D900006D104F1080003F031FE054605B1A8460E
:106DA000022200216068104049405040014307D151
:106DB000012104F1080003F021FE054605B1A846B3
:106DC00004230020616801E058440258194004225D
:106DD00040405140084307D1022104F1080003F06C
:106DE0000DFE054605B1A84608230020616819403C
:106DF000082240405140084307D1002104F12800F7
:106E000003F0AEFE054605B1A846102300206168D8
:106E10001940102240405140084307D1012104F19C
:106E2000280003F09DFE054605B1A846202200215A
:106E30006068104049405040014307D1022104F1ED
:106E4000280003F08DFE054605B1A846B8F1000FF5
:106E500002D10020BDE8F0810120FBE72DE9F041DF
:106E600004460D4614B90120BDE8F081BD48006814
:106E700000F00F00A8420ED2BA48006820F00F00C0
:106E80002843B84908600846006800F00F00A8428F
:106E900001D00120E8E7207800F0040004280ED19A
:106EA000B1492069096801F07001884207D9AE48EC
:106EB000006820F0700021690843AB490860207821
:106EC00000F00800082811D1A749091D6069096868
:106ED00001F07001884209D9A348001D006820F024
:106EE000700061690843A049091D0860207800F01E
:106EF0001000102811D19C49091DA069096801F4EE
:106F0000E061884209D99848001D006820F4E060DB
:106F1000A16908439449091D0860207800F0200009
:106F2000202811D190490831E069096801F0700109
:106F3000884209D98C480830006820F07000E16967
:106F40000843894908310860207800F002000228CF
:106F50000ED18549E068096801F00F01884207D920
:106F60008148006820F00F00E16808437E4908600E
:106F7000207800F00100002850D07B48006820F401
:106F80007060A1680843784908606068022807D1EA
:106F9000754818380068C0F34040F8B9012063E72D
:106FA0006068032807D1704818380068C0F3406053
:106FB000A0B9012058E76068012807D16A4818384D
:106FC0000068C0F3002048B901204DE76648183832
:106FD0000068C0F3800008B9012045E7624808381E
:106FE000006820F00700616808435F4908390860BD
:106FF000FDF784FE064608E0FDF780FE801B41F2A7
:107000008831884201D903202EE7574808380068A4
:1070100000F038006168B0EBC10FEDD1207800F0CE
:10702000020002280ED15049E068096801F00F0102
:10703000884207D24C48006820F00F00E1680843FE
:10704000494908604748006800F00F00A8420ED97F
:107050004448006820F00F00284342490860084671
:10706000006800F00F00A84201D00120FCE6207863
:1070700000F0040004280ED13B492069096801F0A2
:107080007001884207D23848006820F070002169FA
:10709000084335490860207800F00800082811D11D
:1070A0003149091D6069096801F07001884209D2FF
:1070B0002D48001D006820F07000616908432A49CE
:1070C000091D0860207800F01000102811D1264911
:1070D000091DA069096801F4E061884209D22248CB
:1070E000001D006820F4E060A16908431E49091DE5
:1070F0000860207800F02000202811D11A490831BA
:10710000E069096801F07001884209D21648083028
:10711000006820F07000E1690843134908310860F5
:1071200000F076F810490968C1F303210F4A515C59
:1071300001F01F0120FA01F70B48006800F00F0072
:107140001146085C00F01F0027FA00F008490860AB
:107150000848076008480068FDF712FE8046404670
:1071600082E600000020005218440258306E0108E8
:107170001C000024180000247400002010B500F04A
:1071800047F80D490968C1F303210C4A515C01F02D
:107190001F0120FA01F40848006800F00F001146B2
:1071A000085C00F01F0024FA00F00549086005485B
:1071B00004600846006810BD18440258306E01088B
:1071C0001C0000241800002400B5FFF7D7FF054974
:1071D0000968C1F30211044A515C01F01F01C84063
:1071E00000BD00001C440258306E010800B5FFF7D6
:1071F000C5FF05490968C1F30221044A515C01F049
:107200001F01C84000BD00001C440258306E010838
:10721000F0B5824E366806F0380636B1082E15D025
:10722000102E15D0182E7DD114E07C4E103E3668FD
:10723000C6F3401646B1794E103E3668C6F3C10714
:10724000774E26FA07F000E07548E5E07548E3E080
:107250007548E1E0714E1836366806F003046F4E4B
:1072600018363668C6F305116C4E1C36366806F0C3
:1072700001056A4E24363668C6F3CC0616FB05F6C1
:1072800001EE106AB8EE410A002971D024B1012C38
:1072900050D0022C6DD16DE0604E103E3668C6F3C2
:1072A00040163EB35D4E103E3668C6F3C1075C4ED5
:1072B00026FA07F301EE103AF8EE411A01EE101A21
:1072C000B8EE411A81EE812A9FED581AC0EE011ADC
:1072D000524E20363668C6F3080601EE106AB8EE44
:1072E000411A31EE811AF7EE001A31EE211A62EEE0
:1072F000010A1EE001EE101AB8EE411ADFED4C1A39
:1073000081EE812A9FED491AC0EE011A434E2036C4
:107310003668C6F3080601EE106AB8EE411A31EE7F
:10732000811A00E076E0F7EE001A31EE211A62EEE3
:10733000010A5BE001EE101AB8EE411A9FED3D2AFA
:10734000C2EE011A9FED391A80EE012A334E203623
:107350003668C6F3080601EE106AB8EE411A32EE3E
:10736000011AB7EE002A31EE021A61EE810A3DE001
:107370004EE01DE001EE101AB8EE411ADFED2E1AB4
:1073800081EE812A9FED291AC0EE011A234E203684
:107390003668C6F3080601EE106AB8EE411A31EEFF
:1073A000811AF7EE001A31EE211A62EE010A1DE091
:1073B00001EE101AB8EE411A9FED1E2AC2EE011A14
:1073C0009FED1A1A80EE012A144E20363668C6F355
:1073D000080601EE106AB8EE411A32EE011AB7EE55
:1073E000002A31EE021A61EE810A00BF00BF0B4E87
:1073F00020363668C6F34626721C01EE102AB8EE17
:10740000411AC0EE811ABCEEE11A11EE100A00E03A
:10741000002001E0034800BF00BFF0BD1044025847
:107420000090D00300093D0000366E0100000046C8
:107430000024744C0024744A001BB74B2DE9F0471C
:10744000044614B90120BDE8F087207800F001005F
:10745000002870D0F948006800F03808F748183064
:10746000D0F80090B8F1100F06D0B8F1180F0FD176
:1074700009F0030002280BD1F04810380068C0F36F
:10748000404000286AD06068002867D10120DAE710
:1074900000BF6068B0F5803F08D1E8481038006848
:1074A00040F48030E549103908602EE0606868B922
:1074B000E2481038006820F48030E0491039086054
:1074C0000846006820F4802008601EE06068B0F57F
:1074D000A02F0DD1D9481038006840F48020D7493A
:1074E000103908600846006840F4803008600CE0FD
:1074F000D2481038006820F48030D0491039086034
:107500000846006820F48020086000BF606898B1D9
:10751000FDF7F4FB054606E0FDF7F0FB401B642891
:1075200001D903208FE7C54810380068C0F34040F8
:107530000028F1D012E012E0FDF7E0FB054606E07E
:10754000FDF7DCFB401B642801D903207BE7BB4827
:1075500010380068C0F340400028F1D100BF207807
:1075600000F00200022879D1B448006800F0380821
:10757000B2481830D0F80090B8F1000F05D0B8F13B
:10758000180F35D109F0030088BBAC4810380068EB
:10759000C0F3800018B1E06808B9012053E7A7489C
:1075A0001038006820F01900E1680843A349103939
:1075B0000860FDF7A3FB054606E0FDF79FFB401BB7
:1075C000022801D903203EE79C4810380068C0F328
:1075D00080000028F1D099480C38006820F0FE4067
:1075E000217C40EA016095490C39086045E0FFE7DD
:1075F000E06838B391481038006820F01900E1685D
:1076000008438E4910390860FDF778FB054606E00F
:10761000FDF774FB401B022801D9032013E78748BC
:1076200010380068C0F380000028F1D083480C387F
:10763000006820F0FE40217C40EA01607F490C395F
:1076400008601AE07D481038006820F001007B498E
:1076500010390860FDF752FB054607E00EE0FDF724
:107660004DFB401B022801D90320ECE6734810387B
:107670000068C0F380000028F1D100BF207800F03E
:10768000100010286FD16D48006800F038086B4872
:107690001830D0F80090B8F1080F06D0B8F1180FE4
:1076A0001CD109F00300012818D164481038006883
:1076B000C0F3002020B1E069802801D00120C2E69B
:1076C00000BF5E48001F006820F07C5094F8201036
:1076D00040EA01605949091F086043E0E06938B396
:1076E00056481038006840F080005449103908604E
:1076F000FDF704FB054606E0FDF700FB401B0228F2
:1077000001D903209FE64D4810380068C0F30020DF
:107710000028F1D000BF4948001F006820F07C50CD
:1077200094F8201040EA01604449091F086019E0FC
:1077300042481038006820F0800040491039086045
:10774000FDF7DCFA054606E0FDF7D8FA401B0228F3
:1077500001D9032077E6394810380068C0F30020CB
:107760000028F1D100BF207800F00800082836D1A9
:107770006069D0B131486430006840F001002F49A1
:1077800064310860FDF7BAFA054606E0FDF7B6FA7F
:10779000401B022801D9032055E6284864300068C0
:1077A000C0F340000028F1D019E02448643000689C
:1077B00020F00100214964310860FDF79FFA054679
:1077C00006E0FDF79BFA401B022801D903203AE6A8
:1077D0001A4864300068C0F340000028F1D12078D6
:1077E00000F02000202838D1A069D0B1134810380B
:1077F000006840F48050114910390860FDF77EFAA6
:10780000054606E0FDF77AFA401B022801D903205D
:1078100019E60A4810380068C0F340300028F1D05B
:107820001BE006481038006820F4805003491039E6
:107830000860FDF763FA054609E0000010440258AD
:10784000FDF75CFA401B022801D90320FBE5D04874
:107850000068C0F340300028F2D1207800F0040026
:1078600004287DD1CB48006840F48070C949086085
:10787000FDF744FA054606E0FDF740FA401B642890
:1078800001D90320DFE5C348006800F480700028B8
:10789000F2D000BFA068012808D1BD487030006850
:1078A00040F00100BA49703108602DE0A06868B965
:1078B000B7487030006820F00100B54970310860A9
:1078C0000846006820F0040008601DE0A068052854
:1078D0000DD1AF487030006840F00400AC49703101
:1078E00008600846006840F0010008600CE0A84805
:1078F0007030006820F00100A5497031086008462A
:10790000006820F00400086000BFA068A0B1FDF787
:10791000F5F9054608E0FDF7F1F9401B41F2883121
:10792000884201D903208EE5994870300068C0F381
:1079300040000028EFD013E0FDF7E0F9054608E02D
:10794000FDF7DCF9401B41F28831884201D9032060
:1079500079E58F4870300068C0F340000028EFD10F
:10796000606A00287DD08A481030006800F0380036
:10797000182877D0606A022875D18548006820F001
:10798000807083490860FDF7B9F9054606E0FDF708
:10799000B5F9401B022801D9032054E57C48006852
:1079A000C0F340600028F2D100BFD4E90A1041EAD8
:1079B000001077492831096840F2F33291430843B7
:1079C000734928310860208E401EC0F30800616BA7
:1079D000491E4FF47E4202EA41210843218F491E8D
:1079E000D20102EA014108433C21095D491E12020D
:1079F00002EA0161084366493031086000BF081F90
:107A0000006820F00100091F0860614834300068F8
:107A10004FF6F8718843A16C40EAC1005C493431EB
:107A200008605B482C30006820F00C00216C084393
:107A300057492C3108600846006820F00200616C4C
:107A4000084353492C3108600846006840F48030F0
:107A500008600846006840F4003008600846006886
:107A600002E092E038E01FE040F480200860084621
:107A7000006840F0010008604548006840F08070F0
:107A800043490860FDF73AF9054606E0FDF736F987
:107A9000401B022801D90320D5E43D480068C0F30B
:107AA00040600028F2D070E03948006820F0807013
:107AB00037490860FDF722F9054606E0FDF71EF993
:107AC000401B022801D90320BDE431480068C0F3FF
:107AD00040600028F2D158E02D48283007682C4833
:107AE00030300668606A012821D007F00301A06ADF
:107AF00081421CD1C7F30511E06A884217D1C6F351
:107B00000801206B401E814211D1606B401EC6F3FC
:107B1000462188420BD1A06B401EC6F30641884225
:107B200005D1E06B401EC6F30661884201D00120FA
:107B300089E4174834300068C0F3CC07A06CB84221
:107B400023D013482C30006820F0010010492C315C
:107B50000860FDF7D3F8054600BFFDF7CFF8401BDE
:107B6000FBD00B48343000684FF6F8718843A16CA5
:107B700040EAC10006493431086005482C300068ED
:107B800040F0010002492C31086000205BE4000055
:107B900000440258004802582DE9F04104460D46C1
:107BA00016461F4614B90120BDE8F081D4F88800BC
:107BB00028B9002084F88400204601F019FB242015
:107BC000C4F888002068006820F00100216808607F
:107BD000A06A10B1204603F0BFFE204604F086FBE9
:107BE000012800D1E0E72068806840F480402168E7
:107BF00088602068806820F40040284321688860FD
:107C00004FEA465848EA0748206800680749084094
:107C100040EA0800216808602068006840F0010020
:107C200021680860204603F013FFBDE7FFFF00FC5A
:107C300070B504460CB9012070BD606A00B900BF80
:107C40000021A1626349206888420CD06249206803
:107C5000884208D061492068884204D0E0680F2833
:107C600001D90120E8E7204603F081FA0546594989
:107C70002068884209D058492068884205D0574971
:107C80002068884201D0082D0DD8524920688842CA
:107C900007D051492068884203D050492068884263
:107CA00003D1102D01D90120C6E794F8810028B92D
:107CB000002084F88000204600F092F8022084F82A
:107CC00081002068006820F00100216808602068B9
:107CD000806800F4F816A069B0F1806F11D1606877
:107CE000B0F5800F01D1A06B28B1606848B9A06BD6
:107CF000B0F1805F05D12068006840F480502168B1
:107D00000860606800F48000B0F5800F0BD1E06877
:107D1000072808D32068006820F48070216D08438C
:107D20002168086005E02068006820F48070216800
:107D30000860A16AE06908433043E16B0843E168E9
:107D4000084321688860616A606B0843A16B08433F
:107D5000A16908432169084361690843216A08430E
:107D600061680843E16C0843A1680843A16C0843BB
:107D7000A16D08432168C860606878B92068806890
:107D800020F4C05040F4006021688860206880685A
:107D900020F4C06040F48060216888602068006D35
:107DA00020F0010021680865606800F48000B0F5EB
:107DB000800F07D12068C06820F00040616D084343
:107DC0002168C8600020C4F88400012084F8810084
:107DD000002031E70030014000380040003C004006
:107DE00010B5B6B00446142130A8F8F70CFCB82141
:107DF00002A8F8F708FC4B492068884251D1811449
:107E00000020CDE90210199002A8FEF7C3F908B1CD
:107E1000F9F77DFD00BF4448006840F480404249C6
:107E200008600846006800F48040019000BF00BF71
:107E300000BF3D480838006840F004003A4908395E
:107E400008600846006800F00400019000BF00BF11
:107E500000BF0846006840F002000860084600685D
:107E600000F00200019000BF00BF06203090022009
:107E700031900020329033900520349030A92B4867
:107E8000FCF73EFE4FF4005030900220319000206D
:107E9000329033900520349030A92548FCF730FE0D
:107EA0003EE02449206888423AD14FF480410020C6
:107EB000CDE902104FF0A0402D9002A8FEF76AF91C
:107EC00008B1F9F724FD00BF17480C30006840F0F6
:107ED000200015490C3108600846006800F02000B9
:107EE000019000BF00BF00BF0F480838006840F095
:107EF00001000D49083908600846006800F00100DB
:107F0000019000BF00BFA0203090022031900020DF
:107F1000329033900820349030A90748FCF7F0FDE8
:107F200036B010BD00380040E8440258000802583E
:107F30000004025800140058000002582DE9FF4FB9
:107F400085B004469846129E206820300490206830
:107F500000F1300BE06B4009401C80B20290FCF74E
:107F6000CDFE03904746454694F88100012803D092
:107F7000022009B0BDE8F08F069820B1079810B133
:107F8000B8F1000F01D10120F3E700BF94F88000A1
:107F9000012801D10220ECE7012084F8800000BF15
:107FA000052084F881000020C4F8840007986066EA
:107FB000A4F86A80A4F868800698E065A4F8628056
:107FC000A4F860800020206760672068C06820F403
:107FD000C0202168C860EB492068884207D0EA4980
:107FE0002068884203D0E9492068884202D14FF0D6
:107FF000100A01E04FF0080A206840686FF30F0094
:1080000040EA0800216848602068006840F00100EC
:10801000216808606068B0F5800F05D120680068AD
:1080200040F4007021680860E0680F2869D94FEAC1
:108030009A0A61E02068406900F00200022812D12B
:108040008FB107EB0A00A8420DD9E06D00682168E6
:108050000862E06D001DE065B4F86200401EA4F8FF
:108060006200B4F862702068D0F814903DB32068C4
:10807000406900F0010070B12068006B616E08601B
:10808000606E001D6066B4F86A00401EA4F86A00C5
:10809000B4F86A5030E00298854211DA09F40040E1
:1080A00070B12068006B616E0860606E001D6066D4
:1080B000B4F86A00401EA4F86A00B4F86A501BE0E5
:1080C000FCF71CFE0399401AB04201D3701C00B9A2
:1080D00096B9204602F0E0FFD4F8840040F48070A6
:1080E000C4F88400012084F8810000BF002084F8D7
:1080F000800000BF03203CE7002F9BD1002D99D1C9
:108100001EE1E06807287CD94FEA5A0A7AE0206825
:10811000406900F00200022811D187B107EB0A0084
:10812000A8420CD954F85C0F01880498018020689B
:10813000801C2060E088401EE080E7885C3C20686E
:10814000D0F81490002D5DD02068406900F0010047
:1081500068B1BBF8000054F8641F08802068801CD8
:108160002060E088401EE080E588643C4AE0029898
:10817000854217DA09F40040A0B1BBF8000054F8BA
:10818000641F08802068801C2060BBF80000216804
:1081900008802068801C2060E088801EE080E588E0
:1081A000643C2FE0012D10D109F4005068B1BBF8F8
:1081B000000054F8641F08802068801C2060E0885C
:1081C000401EE080E588643C1CE0FCF797FD0399C5
:1081D000401AB04201D3701C00B99EB9204602F08B
:1081E0005BFFD4F8840040F48070C4F88400012060
:1081F00084F8810000BF002084F8800000BF0320C5
:10820000B7E604E0002F82D1002D80D198E092E003
:108210002068406900F00200022813D197B107EBF3
:108220000A00A8420ED9E06D0078216881F820008C
:10823000E06D401CE065B4F86200401EA4F86200E6
:10824000B4F862702068D0F81490002D73D02068C4
:10825000406900F0010078B1206890F83000616E4C
:108260000870606E401C6066B4F86A00401EA4F896
:108270006A00B4F86A505EE0029885422ADA09F48E
:10828000004038B3206890F83000616E0870606E6E
:10829000401C6066206890F83000616E0870606E67
:1082A000401C6066206890F83000616E0870606E57
:1082B000401C6066206890F83000616E0870606E47
:1082C000401C6066B4F86A00001FA4F86A00B4F8A5
:1082D0006A5030E0042D12D209F4C04078B1206811
:1082E00090F83000616E0870606E401C6066B4F8F3
:1082F0006A00401EA4F86A00B4F86A501BE0FCF75C
:10830000FDFC0399401AB04201D3701C00B996B924
:10831000204602F0C1FED4F8840040F48070C4F816
:108320008400012084F8810000BF002084F88000D0
:1083300000BF03201DE6002F7FF46AAF002DFBD1A4
:1083400003983346002208210090204602F01CFFCB
:1083500028B1D4F8840040F02000C4F884002046FE
:1083600002F09AFE012084F8810000BF002084F80A
:10837000800000BFD4F8840008B10120F9E5002096
:10838000F7E500000030014000380040003C0040AC
:1083900070B504462546681EB0F1807F01D30120E8
:1083A0000FE0681E4FF0E02148610F214FF0FF30D1
:1083B00007F010F900204FF0E021886107200861E4
:1083C000002070BD10B50346002200BF93F83C00AA
:1083D000012801D1022010BD012083F83C0000BF1C
:1083E00022F0FF00CC6840EA040222F440708C685E
:1083F00040EA040222F480604C6840EA040222F45D
:1084000000600C6840EA040222F480500C6940EAE3
:10841000040222F400504C6940EA040222F4804035
:108420000C6B40EA040222F470200C8B40EA0442F8
:1084300022F08050CC6940EA0402124C1868A04235
:1084400003D0114C1868A04213D122F470000C8D97
:1084500040EA045222F080700C6A40EA040222F0E2
:1084600000704C6A40EA040222F00050CC6A40EAF4
:1084700004021868426400BF002083F83C0000BF7B
:1084800000BFA8E7000001400004014030B50246EB
:108490000B4600BF92F83C00012801D1022030BDFC
:1084A000012082F83C0000BF022082F83D001068E5
:1084B000416810688468254D1068A84203D0244D97
:1084C0001068A84203D121F470015868014321F0DB
:1084D000700118680143106841601C4D1068A84283
:1084E00023D01068B0F1804F1FD01A4D1068A842F9
:1084F0001BD0194D1068A84217D0184D1068A8421B
:1085000013D0134D1068A8420FD0154D1068A84223
:108510000BD0144D1068A84207D0134D1068A84224
:1085200003D0124D1068A84205D124F08004986849
:10853000044310688460012082F83D0000BF0020E1
:1085400082F83C0000BF00BFA9E700000000014026
:10855000000401400004004000080040000C0040FE
:10856000001800400040014000E0004000E40040EE
:1085700010B504460CB9012010BD94F83D0028B98F
:10858000002084F83C00204600F02AF8022084F8FD
:108590003D00211D206802F00DFF012084F84800F5
:1085A00000BF84F83E0001213F20015540200155C5
:1085B00041200155422001554320015500BF00BF15
:1085C000012084F8440045200155462001554720EC
:1085D000015500BF012084F83D000020CCE70000D9
:1085E00008B5134A016891420DD100BF11490968CD
:1085F00041F001010F4A11601146096801F00101C3
:10860000009100BF13E00C4A016891420FD100BFF6
:1086100008490839096841F00201064A083A116020
:108620001146096801F00201009100BF00BF08BDBA
:1086300000000140F0440258000400402DE9F041E0
:1086400004460D46002700BF94F83C00012802D1E3
:108650000220BDE8F081012084F83C0000BF022028
:1086600084F83D00206886684048064026F47F462E
:10867000206886602868702826D00CDC00F00F0186
:10868000002966D10011072863D2DFE800F05556B3
:1086900057584B374100B0F1101F52D009DCB0F5EC
:1086A000805F10D0B0F5005F1BD0B0F5801F50D1B7
:1086B00046E0A0F580102038002843D0102842D092
:1086C000202846D140E046E0D5E902136A682068D8
:1086D00002F0F9FE2068866846F07706206886601A
:1086E00039E0D5E902136A68206802F0ECFE2068E0
:1086F000806840F48040216888602CE0EA686968FE
:10870000206803F0ABF85021206802F0E7FE22E079
:10871000EA686968206803F0B4F86021206802F014
:10872000DDFE18E0EA686968206803F097F84021E8
:10873000206802F0D3FE0EE000BF00BF00BF00BF04
:1087400000BF00BF00BF00BF2968206802F0C6FE5E
:1087500001E0012700BF00BF012084F83D0000BFF9
:10876000002084F83C0000BF384672E788FFCEFF47
:1087700010B586B00446142101A8F7F744FF20493C
:10878000206888421CD100BF1E48006840F01000DD
:108790001C4908600846006800F01000009000BF07
:1087A00000BF4FF40070019002200290002003905F
:1087B00004900120059001A91348FCF7A1F91DE0E0
:1087C00012492068884219D100BF0E48006840F065
:1087D00002000C4908600846006800F002000090A2
:1087E00000BF00BF0220019002900020039004907F
:1087F0000220059001A90648FCF782F906B010BDD9
:1088000000000140E04402580010025800040040FB
:10881000000402582DE9F04104460D461646002793
:1088200000BF94F83C00012802D10220BDE8F0818D
:10883000012084F83C0000BF0C2E51D005DC4EB165
:10884000042E1ED0082E7AD133E0102E60D0142EC4
:10885000F9D175E02946206802F04CFE2068806955
:1088600040F00800216888612068806920F00400D9
:1088700021688861206880692969084321688861C6
:1088800078E02946206802F08BFE2068806940F479
:108890000060216888612068806920F48060216818
:1088A000886120688069296940EA0120216888611F
:1088B00060E02946206802F0CDFE2068C06940F0E3
:1088C00008002168C8612068C06920F004002168A0
:1088D000C8612068C069296908432168C86149E006
:1088E0002946206802F010FF2068C06940F400604B
:1088F0002168C8612068C06920F480602168C8616F
:108900002068C069296940EA01202168C86131E016
:108910002946206802F032FF2068406D40F00800D0
:10892000216848652068406D20F004002168486592
:108930002068406D29690843216848651AE017E0FE
:108940002946206802F052FF2068406D40F4006024
:10895000216848652068406D20F480602168486582
:108960002068406D296940EA01202168486501E0DE
:10897000012700BF00BF00BF002084F83C0000BFFB
:10898000384653E710B504460CB9012010BD94F8E1
:108990003D0028B9002084F83C00204600F029F86A
:1089A000022084F83D00211D206802F003FD012013
:1089B00084F8480000BF84F83E0001213F200155A3
:1089C00040200155412001554220015543200155C9
:1089D00000BF00BF012084F8440045200155462017
:1089E00001554720015500BF012084F83D000020BB
:1089F000CCE7704770B504460D4615B994F83E00B3
:108A000015E0042D02D13F20005D10E0082D02D1B9
:108A10004020005D0BE00C2D02D14120005D06E0FE
:108A2000102D02D14220005D01E04320005D0128AD
:108A300001D0012070BD1DB9022084F83E001AE06B
:108A4000042D03D102213F20015514E0082D03D14C
:108A50000221402001550EE00C2D03D102214120BE
:108A6000015508E0102D03D102214220015502E0FA
:108A700002214320015501222946206802F012FDFF
:108A80002F49206888420FD02E49206888420BD099
:108A90002D492068884207D02C492068884203D09D
:108AA0002B492068884201D1012000E0002028B134
:108AB0002068406C40F400402168486420492068E8
:108AC000884223D02068B0F1804F1FD02149206810
:108AD00088421BD020492068884217D01F4920684F
:108AE000884213D01749206888420FD01C4920685B
:108AF00088420BD014492068884207D01949206861
:108B0000884203D018492068884210D120688068C4
:108B1000164900EA0106062E0FD0B6F5803F0CD0AC
:108B20002068006840F001002168086005E02068C6
:108B3000006840F001002168086000207AE700002A
:108B40000000014000040140004001400044014099
:108B5000004801400004004000080040000C0040B4
:108B60000018004000E0004000E400400700010061
:108B7000014600BF91F88400012801D1022070470E
:108B8000012081F8840000BF2420C1F88800086813
:108B900002680868006820F001000B68186022F085
:108BA000005200204866086802602020C1F8880052
:108BB00000BF002081F8840000BF00BFDFE72DE97F
:108BC000F04104460D4616460027D4F88C002028B4
:108BD00023D105B116B90120BDE8F0810120E0667E
:108BE0000020206732462946204603F093FEE06EBF
:108BF00001280FD110202168086200BF00BF216842
:108C000051E8001F41F01000226842E800010029ED
:108C1000F5D100E001273846DEE70220DCE77047A7
:108C2000704770B504460D4600BF94F884000128D3
:108C300001D1022070BD012084F8840000BF2420EF
:108C4000C4F88800206806682068006820F00100E9
:108C5000216808602068806820F0606028432168EF
:108C60008860204602F04CFE206806602020C4F890
:108C7000880000BF002084F8840000BF00BFD9E74F
:108C800070B504460D4600BF94F88400012801D158
:108C9000022070BD012084F8840000BF2420C4F8A5
:108CA0008800206806682068006820F001002168BC
:108CB00008602068806820F0604028432168886050
:108CC000204602F01DFE206806602020C4F88800BF
:108CD00000BF002084F8840000BF00BFD9E77047C0
:108CE000704770472DE9F04704462068C569206841
:108CF00006682068876840F60F0005EA0009B9F1A8
:108D0000000F0FD105F0200060B106F0200010B96F
:108D100007F0805030B1606F10B12046616F884716
:108D2000BDE8F087B9F1000F7ED0FE48384018B991
:108D3000FD4830400028F7D005F0010058B106F496
:108D4000807040B1012021680862D4F8900040F0A2
:108D50000100C4F8900005F0020058B107F00100CE
:108D600040B1022021680862D4F8900040F004006D
:108D7000C4F8900005F0040058B107F0010040B1BC
:108D8000042021680862D4F8900040F00200C4F882
:108D9000900005F0080070B106F0200010B9E1481D
:108DA000384040B1082021680862D4F8900040F0B3
:108DB0000800C4F8900005F4006060B106F080601F
:108DC00048B14FF4006021680862D4F8900040F088
:108DD0002000C4F89000D4F89000002852D005F08C
:108DE000200050B106F0200010B907F0805020B1EB
:108DF000606F10B12046616F8847D4F890A020685A
:108E0000806800F04000402802D00AF0280070B3CB
:108E1000204602F0FFFE2068806800F040004028F5
:108E200026D100BF00BF00E02DE02168083151E8E5
:108E3000001F21F040002168083141E80002002AAB
:108E4000F1D100BFD4F8800068B1B848D4F88010E0
:108E50000865D4F88000F9F765FB98B1D4F8800074
:108E6000016D88470EE02046FFF73BFF0AE003E074
:108E70002046FFF736FF05E02046FFF732FF0020CF
:108E8000C4F890004CE7E06E01287DD105F0100099
:108E9000002879D006F010000028FAD010202168B0
:108EA00008622068806800F0400040286DD1D4F846
:108EB000800000689E4988426BD0D4F8800000682A
:108EC0009B491831884264D0D4F8800000689849E2
:108ED000303188425DD0D4F8800000689449483130
:108EE000884256D0D4F880000068914960318842A9
:108EF0004FD0D4F8800000688D497831884248D03E
:108F0000D4F8800000688A499031884241D0D4F872
:108F1000800000688649A83188423AD0D4F88000A1
:108F200000688449884234D0D4F8800000688149C0
:108F3000183188422DD0D4F8800000687D49303146
:108F4000884226D0D4F8800000687A4948318842A7
:108F50001FD0D4F88000006876496031884218D06C
:108F6000D4F88000006873497831884211D0D4F871
:108F7000800000686F49903188420AD0D4F88000A0
:108F800000686C49A83102E0AEE069E001E0884287
:108F900004D1D4F880000068406803E0D4F8800071
:108FA000006840681FFA80F8B8F1000F57D0B4F895
:108FB0005C00404553DDA4F85E80D4F88000C069B1
:108FC000B0F5807F40D000BF00BF216851E8001F8E
:108FD00021F48070226842E800010029F5D100BF29
:108FE00000BF00BF2168083151E8001F21F00100D7
:108FF0002168083141E80002002AF3D100BF00BF18
:1090000000BF2168083151E8001F21F040002168AD
:10901000083141E80002002AF3D100BF2020C4F843
:109020008C000020E06600BF00BF216851E8001FEF
:1090300021F01000226842E800010029F5D100BFAC
:10904000D4F88000F9F700F802202067B4F85C003B
:10905000B4F85E20801A81B22046FFF7E0FD5FE69B
:1090600034F85C0F6188401A1FFA80F860885C3C15
:10907000C8B3B8F1000F36D000BF00BF216851E877
:10908000001F21F49070226842E800010029F5D108
:1090900000BF00BF00BF2168083151E8001F214A0E
:1090A000D24301EA02002168083141E80002002AA7
:1090B000F1D100BF2020C4F88C000020E06660677A
:1090C00000BF00BF216851E8001F21F01000226896
:1090D00042E800010029F5D100BF02202067414687
:1090E0002046FFF79CFD1BE605F4801050B107F405
:1090F000800038B14FF48010216808622046FFF7E5
:10910000EFFD0DE605F08000B0B106F0800010B96B
:1091100007F4000080B1A06F10B12046A16F88470E
:10912000FEE5000001000010200100043BBB000828
:10913000100002401004024005F0400030B106F07B
:10914000400018B1204602F09BFDE9E505F400005F
:1091500030B106F0804018B12046FFF7C0FDDFE5D2
:1091600005F0807030B106F0004018B12046FFF7DE
:1091700057FDD5E500BFD3E510B504460CB9012075
:1091800010BDA06900B100E000BFD4F8880028B984
:10919000002084F88400204600F02AF82420C4F837
:1091A00088002068006820F0010021680860A06A3B
:1091B00010B1204602F0D0FB204603F097F80128BA
:1091C00000D1DDE72068406820F4904021684860C5
:1091D0002068806820F02A00216888602068006884
:1091E00040F0010021680860204602F031FCC7E72A
:1091F00010B5B6B00446142130A8F7F704FAB82128
:1092000002A8F7F700FAFE49206888427ED10221C1
:109210000020CDE902101F9002A8FCF7BBFF08B1A7
:10922000F8F775FB00BFF748006840F48010F54977
:1092300008600846006800F48010019000BF00BF7D
:1092400000BFF0480838006840F00400ED490839D4
:1092500008600846006800F00400019000BF00BFED
:1092600000BF0846006840F0080008600846006833
:1092700000F00800019000BF00BF4FF48050309014
:10928000022031900020329033900820349030A991
:10929000DD48FBF735FC042030900220319000209F
:1092A000329033900820349030A9D848FBF728FC3E
:1092B000D748D8490860412048600021D5488160DE
:1092C000C1604FF480610161002141618161C16130
:1092D00001624162FAF76EF808B1F8F718FB00BFB7
:1092E000CC48C4F88000846300BFC9481830CA491C
:1092F0000860422048604021C74881600021C16069
:109300004FF4806101610021416100E016E081615C
:10931000C16101624162FAF74DF808B1F8F7F7FA56
:1093200000BFBD48E067846300BF002211463520BE
:10933000FBF778FD3520FBF761FD2EE2B749206889
:10934000884278D102210020CDE902101F9002A8A6
:10935000FCF720FF08B1F8F7DAFA00BFA948006867
:1093600040F08040A74908600846006800F080404F
:10937000019000BF00BF00BFA2480838006840F05D
:109380001000A049083908600846006800F0100085
:10939000019000BF00BF00BF0846006840F0010018
:1093A00008600846006800F00100019000BF00BF9F
:1093B000802030900220319000203290339007209E
:1093C000349030A99648FBF79BFB4FF40040309057
:1093D000022031900020329033900B20349030A93D
:1093E0009048FBF78DFB8A4848308F490860502031
:1093F000486040218C4881600021C1604FF4806149
:109400000161002141618161C16101624162F9F73D
:10941000D1FF08B1F8F77BFA00BF8348E0678463A7
:1094200000BF002211465220FBF7FCFC5220FBF744
:10943000E5FCB2E1FFE77D49206888427BD102214B
:109440000020CDE902101F9002A8FCF7A3FE08B18E
:10945000F8F75DFA00BF6B48006840F400306949D6
:1094600008600846006800F40030019000BF00BFAB
:1094700000BF64480838006840F0080061490839B6
:1094800008600846006800F00800019000BF00BFB7
:1094900070203090022031900020329033900720CD
:1094A000349030A95948FBF72BFB59486038604984
:1094B00008602B20486000215D488160C1604FF446
:1094C00080610161002141618161C161016241628C
:1094D000F9F770FF08B1F8F71AFA00BF5448C4F85A
:1094E0008000846300BF4A484838524908602C20F5
:1094F000486040214F4881600021C1604FF4806185
:109500000161002141618161C16101624162F9F73C
:1095100051FF08B1F8F7FBF900BF4648E0678463E4
:1095200000BF002211462620FBF77CFC2620FBF71B
:1095300065FC32E1FFE74049206888425ED10221A4
:109540000020CDE902101F9002A8FCF723FE08B10D
:10955000F8F7DDF900BF2B48006840F48020294966
:1095600008600846006800F48020019000BF00BF3A
:1095700000BF24480838006840F00200214908393B
:1095800008600846006800F00200019000BF00BFBC
:1095900000BF0846006840F0080008600846006800
:1095A00000F00800019000BF00BF4FF480403090F1
:1095B000022031900020329033900720349030A95F
:1095C0001E48FBF79DFA4FF4407030900220319016
:1095D0000020329033900720349030A90B48FBF7DD
:1095E0008FFA0B483038164908602D20486000215A
:1095F00013488160C1604FF4806123E060E00000A7
:1096000000500040E844025800080258000C02587C
:1096100070000240A80B0024200C002400780040B9
:109620000010025800000258980C0024004400402A
:10963000100D0024880D002400480040000402584A
:10964000000E00240161002141618161C16101625C
:109650004162F9F7AFFE08B1F8F759F900BF504879
:10966000C4F88000846300BF4E484F4908602E2034
:10967000486040214C4881600021C1604FF4806106
:109680000161002141618161C16101620421416286
:10969000032181620021C1620163F9F78BFE08B1E9
:1096A000F8F735F900BF4048E067846300BF002247
:1096B00011462720FBF7B6FB2720FBF79FFB6CE04A
:1096C0003A492068884268D101210020CDE9021082
:1096D000209002A8FCF75EFD08B1F8F718F900BF6A
:1096E0003348006840F0800031490860084600684F
:1096F00000F08000019000BF00BF00BF2C48103870
:10970000006840F010002A491039086008460068D7
:1097100000F01000019000BF00BF04203090022034
:1097200031900020329033900420349030A92148A9
:10973000FBF7E6F9082030900220319000203290AB
:1097400033900B20349030A91A48FBF7D9F915480B
:1097500048301949086077204860402116488160E8
:109760000021C1604FF4806101610021416181618C
:10977000C16101624162F9F71DFE08B1F8F7C7F84F
:1097800000BF0D48E067846300BF002211469C20A3
:10979000FBF748FB9C20FBF731FB36B010BD000007
:1097A000000E002458000240780E0024001C0140E6
:1097B000F044025800100258F00E002470470000D8
:1097C00070B504460E461546D4F8880020283FD1CF
:1097D00006B10DB9012070BD44F8506FA580E58039
:1097E000002020642120A063E06A503CE0B11948C9
:1097F000E16FC8631848E16F08641848E16FC864F6
:109800000020E16F0865236803F128022B46216DD3
:10981000E06FFAF759F838B11020C4F89000202012
:10982000C4F888000120D6E740202168086200BF04
:1098300000BF2168083151E8001F41F08000216815
:10984000083141E80002002AF3D100BF0020C2E73E
:109850000220C0E7B1BB000805BC000853BB0008EC
:109860007047704700BFFEE7084890ED160B9FED6C
:10987000081B30EE410BB1EE400B9FED071B20EEB5
:10988000010B074880ED000B70470000A03B00244F
:1098900000000000000000009A9999999999D93F19
:1098A0001805002430B50B46002100BF16E00A243D
:1098B000B4EB107F05D9302404EB107403F8114089
:1098C00005E0412404EB10740A3C03F81140000148
:1098D00000254C00641C1D554C1CE1B29142E6DB96
:1098E00030BD00004A780B7802EB032200EE102A0C
:1098F000B8EEC00B9FED3F1B20EE011B9FED3F2BF1
:109900009FED400B11EE020B80ED0C0BCA788B78AB
:1099100002EB032212B200EE102AB8EEC00B9FED4C
:109920003B1B20EE010B9FED3B1B80EE012B80EDDE
:109930000A2B4A790B7902EB032212B200EE102AAD
:10994000B8EEC00B9FED351B20EE010B9FED351BD4
:1099500020EE010B80ED080B90F8502082B990EDBD
:109960000C0B80ED160B90ED0C0B80ED0E0B9FEDAC
:109970002F0B80ED120B00220264012280F8502090
:1099800090ED0C0B90ED0E1B30EE410B9FED291B63
:10999000B4EEC10BF1EE10FA02D2026C521C02645A
:1099A00090ED0C0B90ED0E1B30EE410B9FED231B49
:1099B000B4EEC10BF1EE10FA02DD026C521E02642D
:1099C00090ED0C0B90ED101AB8EEC11B9FED0D2B16
:1099D00021EE021BB0EE002B01EE020B90ED161BE8
:1099E00030EE410B80ED120B90ED0C0B80ED0E0B69
:1099F00070470000012DA005B480A63F1839359DA1
:109A000046DF913F4AD8124DFB2109404AD8124DFA
:109A1000FB2119400000000000004E400000000043
:109A20000000543F7B14AE47E17A743F0000000011
:109A30000000000058D04929C7280EC058D0492935
:109A4000C7280E4070B52DED028B04460D46B0EED2
:109A5000408B60212046F6F7D6FD05F5007020808A
:109A600084ED028BBDEC028B70BD00004A780B7850
:109A700002EB032200EE102AB8EEC00B9FED401B54
:109A800020EE011B9FED402B9FED410B11EE020BD1
:109A900080ED100BCA788B7802EB032212B200EE35
:109AA000102AB8EEC00B9FED3C1B20EE010B9FED82
:109AB0003C1B80EE012B80ED0E2B4A790B7902EBDB
:109AC000032212B200EE102AB8EEC00B9FED361B37
:109AD00020EE010B9FED361B20EE010B80ED0C0BF1
:109AE0008A7980F8282090F8602082B990ED100BD8
:109AF00080ED1A0B90ED100B80ED120B9FED2E0BED
:109B000080ED160B00220265012280F8602090EDA6
:109B1000100B90ED121B30EE410B9FED291BB4EEA4
:109B2000C10BF1EE10FA02D2026D521C026590EDEB
:109B3000100B90ED121B30EE410B9FED231BB4EE8A
:109B4000C10BF1EE10FA02DD026D521E026590EDBE
:109B5000100B90ED141AB8EEC11B9FED0D2B21EEEA
:109B6000021BB0EE002B01EE020B90ED1A1B30EE43
:109B7000410B80ED160B90ED100B80ED120B704732
:109B8000012DA005B480A63F1839359D46DF913FD1
:109B90004AD8124DFB2109404AD8124DFB211940E9
:109BA0000000000000004E40000000000000543F94
:109BB000EAFF4199A1FE8F3F000000000000000075
:109BC00058D04929C7280EC058D04929C7280E4067
:109BD00070B52DED028B04460D46B0EE408B78211A
:109BE0002046F6F710FD05F50070208084ED028B0D
:109BF0009FED030B84ED040BBDEC028B70BD0000E8
:109C0000000000000080614008B500BF26480068E1
:109C100040F00100244908600846006800F0010097
:109C2000009000BF00BF002211460B20FBF7FAF89E
:109C30000B20FBF7E3F8002211460C20FBF7F2F8AB
:109C40000C20FBF7DBF8002211460D20FBF7EAF8A9
:109C50000D20FBF7D3F8002211460E20FBF7E2F8A7
:109C60000E20FBF7CBF8002211460F20FBF7DAF8A5
:109C70000F20FBF7C3F8002211461020FBF7D2F8A3
:109C80001020FBF7BBF8002211461120FBF7CAF8A1
:109C90001120FBF7B3F8002211462F20FBF7C2F882
:109CA0002F20FBF7ABF808BDD844025810B51E486A
:109CB0001E4908600020886000211C48C160012105
:109CC0000174002141740121817441611421816179
:109CD0003B21C161142101620121416202218162A3
:109CE0000D21C162022101630021416304218163CE
:109CF000C1630821016404214164082181640421B5
:109D0000C164022101650421416508218165C165A5
:109D100001660021416604218166FAF703FC08B15F
:109D2000F7F7F5FD10BD000000A00040D4050024A9
:109D300010B51E481E4908600020886000211C489C
:109D4000C1600121017400214174012181744161CC
:109D5000142181613B21C161142101620121416211
:109D6000022181620D21C1620221016340F255315D
:109D7000416304218163C1630821016404214164BA
:109D8000082181640421C164022101650421416527
:109D900008218165C1650166002141660421816653
:109DA000FAF7C0FB08B1F7F7B2FD10BD00A4004000
:109DB0007406002410B51E481E4908600020886003
:109DC00000211C48C160012101740021417401215E
:109DD00081744161142181613B21C16114210162BF
:109DE00001214162022181620D21C16202210163D0
:109DF00040F2AA61416304218163C16308210164C7
:109E000004214164082181640421C16402210165A7
:109E10000421416508218165C16501660021416613
:109E200004218166FAF77EFB08B1F7F770FD10BDDB
:109E300000D400401407002400B587B0142102A804
:109E4000F6F7E1FB00BF4D48006840F010004B49B9
:109E500008600846006800F01000019000BF00BFD5
:109E600000BF0846006840F004000860084600682B
:109E700000F00400019000BF00BF00BF084600686A
:109E800040F0800008600846006800F08000019003
:109E900000BF00BF00BF0846006840F00100086036
:109EA0000846006800F00100019000BF00BF00BF3D
:109EB0000846006840F0020008600846006800F0AC
:109EC0000200019000BF00BF00BF0846006840F0DC
:109ED000080008600846006800F00800019000BF14
:109EE00000BF01224AF209012548FAF701FF0022CA
:109EF0004FF480412248FAF7FBFE00224FF4005154
:109F00002048FAF7F5FE4FF46040029001200390DC
:109F100000200490059002A91948FAF7F1FD0920E4
:109F2000029001200390002004900320059002A9D4
:109F30001348FAF7E5FD4FF4A05002904FF4881053
:109F400003900020049002A90E48FAF7D9FD4FF4BF
:109F5000005002900120039000200490059002A977
:109F60000848FAF7CDFD002211462820FAF75AFFDB
:109F70002820FAF743FF07B000BD0000E044025874
:109F8000000802580010025810B51648164908601B
:109F90004FF4800048600021134881600721C160B0
:109FA0004FF000710161491041618900816109012F
:109FB000C1610021016241628162C1624FF0804152
:109FC000416300218163C163016441648164C164B0
:109FD000016541658165FDF72BFE08B1F7F797FC38
:109FE00010BD000000380040B407002410B516482A
:109FF000164908604FF480004860411113488160A1
:10A000000721C160002101614FF080714161890029
:10A0100081618900C1610021016241628162C16286
:10A020004FF08041416300218163C1630164416459
:10A030008164C164016541658165FDF7F9FD08B181
:10A04000F7F765FC10BD0000001400583C08002420
:10A0500000B59BB000201790189019901A9014909A
:10A06000159016901C210DA8F6F7CDFA34216846FC
:10A07000F6F7C9FA2E482F490860EF204860002102
:10A080002C48816044F61F61C1600021016141617B
:10A090008161FEF76DFA08B1F7F739FC4FF4805093
:10A0A000179017A92348FEF7C9FA08B1F7F72FFC54
:10A0B0002048FEF767FC08B1F7F729FC0020149050
:10A0C0001590169014A91B48FEF7E0F908B1F7F7B0
:10A0D0001EFC60200D9000200E900F9010901190AB
:10A0E0001290139000220DA91248FEF793FB08B1BD
:10A0F000F7F70DFC0020009001900290039004906F
:10A100004FF4005005900020069008904FF000702A
:10A11000099000200A900C9069460648FEF752F913
:10A1200008B1F7F7F4FB0348FEF722FB1BB000BDB4
:10A1300000000140F403002000B58FB000200B9018
:10A140000C900D900E90089009900A901C2101A887
:10A15000F6F759FA1F482049086017204860002187
:10A160001D48816042F20F71C1600021016181616F
:10A17000FEF7FEF908B1F7F7CAFB4FF480500B90D9
:10A180000BA91548FEF75AFA08B1F7F7C0FB1248B9
:10A19000FEF7F8FB08B1F7F7BAFB002008900A9029
:10A1A00008A90D48FEF772F908B1F7F7B0FB602077
:10A1B000019000200290039005900C2201A906480E
:10A1C000FEF728FB08B1F7F7A2FB0348FEF7D0FA29
:10A1D0000FB000BD000400404004002010B5194835
:10A1E00019490860194848604FF480511648816049
:10A1F0000021C1604FF4806101610C2141610021A7
:10A200008161C1610162416200200F498862084694
:10A21000FEF7B2FF08B1F7F77AFB00210A48FEF714
:10A220002FFD08B1F7F773FB00210748FEF7F9FC93
:10A2300008B1F7F76CFB0448FEF79AFC08B1F7F792
:10A2400066FB10BD00500040C4080024A086010039
:10A2500010B51848184908604FF4E13048600021F3
:10A2600015488160C16001610C214161002181615B
:10A27000C1610162416200200F4988620846FEF711
:10A280007BFF08B1F7F743FB00210B48FEF7F8FC12
:10A2900008B1F7F73CFB00210748FEF7C2FC08B104
:10A2A000F7F735FB0448FEF763FC08B1F7F72FFB1F
:10A2B00010BD0000007800405809002410B518486F
:10A2C000184908604FF461204860002115488160FA
:10A2D000C16001610C21416100218161C1610162A4
:10A2E000416200200F4988620846FEF745FF08B129
:10A2F000F7F70DFB00210B48FEF7C2FC08B1F7F79A
:10A3000006FB00210748FEF78CFC08B1F7F7FFFABF
:10A310000448FEF72DFC08B1F7F7F9FA10BD00006C
:10A32000001C0140140B002410B51A481A4908609B
:10A330001A484860002118488160C16001610C2101
:10A340004161002181614FF40041C161002101623E
:10A35000416200201049886200231A4619460E48BF
:10A36000FDF71AFC08B1F7F7D2FA00210A48FEF708
:10A3700087FC08B1F7F7CBFA00210748FEF751FC3C
:10A3800008B1F7F7C4FA0448FEF7F2FB08B1F7F793
:10A39000BEFA10BD00440040EC090024003E490014
:10A3A00010B51A481A4908601A4848600021184830
:10A3B0008160C16001610C214161002181614FF424
:10A3C0000041C161002101624162002010498862A0
:10A3D00000231A4619460E48FDF7DEFB08B1F7F7D1
:10A3E00096FA00210A48FEF74BFC08B1F7F78FFAFE
:10A3F00000210748FEF715FC08B1F7F788FA044872
:10A40000FEF7B6FB08B1F7F782FA10BD004800402E
:10A41000800A0024003E490010B501220E490F4871
:10A4200003F078FA08B1F7F772FA0D490B4803F018
:10A43000AFFD08B1F7F76BFA0A49084802F058FE79
:10A4400008B1F7F764FA054803F0A4FE08B1F7F77E
:10A450005EFAFBF753FC10BD10000020680F0024CB
:10A460003000002404000024B1EE403B33EE413BB9
:10A4700033EE424B03EE100AB8EEC33B24EE033B2F
:10A48000164981ED003BB1EE403B33EE013B33EE2C
:10A49000424B03EE100AB8EEC33B24EE033B1049D7
:10A4A00081ED003B30EE413B33EE424B03EE100AB0
:10A4B000B8EEC33B24EE033B0A4981ED003B30EE8E
:10A4C000013B33EE424B03EE100AB8EEC33B24EEE1
:10A4D000033B054981ED003B704700005005002417
:10A4E00060050024580500246805002400BFFEE72D
:10A4F00000BFFEE710B50248FAF7C6FE10BD000027
:10A50000442200242DE9F04704460D4626683746CC
:10A51000D6F8408007F5306000EB4510D0F8089081
:10A52000104880450BD909F40040B0F5004F06D122
:10A530004FF4004107F5306000EB45108160204684
:10A54000FBF762FB0748804508D9A079012805D1AF
:10A5500004F29C420121206804F0D0FA0020BDE8FA
:10A56000F08700000A30544F2DE9F04705460C46AD
:10A57000D5F800904E46D9F840A006F5306000EBC3
:10A580004410D0F80880A879012855D108F00800B7
:10A5900008280FD1434882450BD908F40040B0F594
:10A5A000004F7BD14FF4004106F5306000EB4410C2
:10A5B000816073E008F02000202806D1202106F5F4
:10A5C000306000EB4410816068E008F0280000284B
:10A5D00064D1344882450CD908F40040B0F5004FEE
:10A5E00007D14FF4004106F5306000EB4410816064
:10A5F00054E004EBC40105F5157000EB810706F586
:10A60000306000EB4410396A0069C0F31200081A88
:10A61000786164B9386930B905F29C420121286833
:10A6200004F06CFA03E07969F8680844F860E1B274
:10A630002846FAF7A1FC31E01B4882451BD108F4FB
:10A640000040B0F5004F07D14FF4004106F53060EF
:10A6500000EB4410816021E008F02000202805D1A3
:10A66000202106F5306000EB44108160E1B22846FD
:10A67000FAF782FC12E06CB904EBC40105F5157021
:10A6800000EB8100006928B905F29C42002128688E
:10A6900004F034FAE1B22846FAF76EFC0020BDE877
:10A6A000F08700000A30544F0A31544F2DE9F84F1B
:10A6B00007460E46D7F80090C84606EBC60107F1DC
:10A6C000140000EB8104D4E90410884202D901206F
:10A6D000BDE8F88FD4E90401451AA068A84200D269
:10A6E000A568E81C4FEA900A17E0D4E90401451A6E
:10A6F000A068A84200D2A568E81C4FEA900AB87981
:10A70000ABB2F2B200904846E16804F0B9FEE068EE
:10A710002844E06060692844606108F5106000EB3F
:10A720004610806980B2504506D3D4E904108842AF
:10A7300002D220690028D8D1D4E9040188420ED879
:10A7400006F00F01012000FA01FB40F6340050F83A
:10A75000080020EA0B0040F6340141F80800002010
:10A76000B6E70000B0EE401A10B99FED790A7047C5
:10A7700090ED100A80ED110A90ED0F0A80ED100A9D
:10A78000C0ED060A80ED071A30EEC10A80ED0F0A0F
:10A790000178002975D190ED010AD0ED0F1A20EE55
:10A7A000210A80ED090A90ED0A0AD0ED021A90ED17
:10A7B0000F2A01EE820A80ED0A0A90ED0D0A80ED63
:10A7C0000E0A90ED0C0A80ED0D0A90ED0F0AD0ED07
:10A7D000101A30EE610A80ED0C0A90ED030AD0EDFC
:10A7E0000C1A20EE210A80ED0B0A90ED0A0AD0ED3A
:10A7F000051AB4EEE10AF1EE10FA04DD90ED050A57
:10A8000080ED0A0A10E090ED0A0AD0ED051AF1EE8B
:10A81000611AB4EEE10AF1EE10FA05D290ED050AE4
:10A82000B1EE400A80ED0A0A90ED090AD0ED0A1A4D
:10A8300030EE210AD0ED0B1A30EE210A80ED080A25
:10A8400090ED080AD0ED041AB4EEE10AF1EE10FA28
:10A8500004DD90ED040A80ED080A76E090ED080A28
:10A86000D0ED041AF1EE611AB4EEE10AF1EE10FA3D
:10A870006BD290ED040AB1EE400A80ED080A64E064
:10A88000FFE701780A2960D190ED0F0AD0ED101A88
:10A8900030EE610AD0ED011A20EE210A80ED090A9E
:10A8A00090ED020AD0ED0F1A20EE210A80ED0A0A7F
:10A8B00090ED0D0A80ED0E0A90ED0C0A80ED0D0A68
:10A8C00090ED0F0AD0ED101AB0EE002A02EE610AE8
:10A8D000D0ED111A30EE210A80ED0C0A90ED030A3A
:10A8E000D0ED0C1A20EE210A80ED0B0A90ED090A3A
:10A8F000D0ED0A1A30EE210AD0ED0B1A30EE210A03
:10A90000D0ED081A30EE210A80ED080A90ED080A11
:10A91000D0ED041AB4EEE10AF1EE10FA04DD90ED88
:10A92000040A80ED080A10E090ED080AD0ED041A40
:10A93000F1EE611AB4EEE10AF1EE10FA05D290EDF3
:10A94000040AB1EE400A80ED080A90ED080A0EE70D
:10A950000000000000B970479FED100A80ED110A59
:10A9600080ED100A80ED0F0A9FED0C0A80ED0E0AB3
:10A9700080ED0D0A80ED0C0A9FED080A80ED0B0AB0
:10A9800080ED0A0A80ED090A80ED080A9FED030AAE
:10A9900080ED060A80ED070A00BFDCE7000000003A
:10A9A00000B97047017080ED010AC0ED020A80ED28
:10A9B000031AC0ED041A80ED052ADFED0E2AC0ED62
:10A9C0000E2AC0ED0D2AC0ED0C2ADFED0A2AC0EDDB
:10A9D000082AC0ED0B2AC0ED0A2AC0ED092AC0EDF5
:10A9E000112AC0ED102AC0ED0F2A012280F848205C
:10A9F00000BFD6E700000000704700002DE9F041DD
:10AA000004460E4600275548006800F0030003285E
:10AA100002D10120BDE8F08150482838006820F0BC
:10AA200080604E4928390860FAF768F9054606E063
:10AA3000FAF764F9401B022801D90320EAE74748E6
:10AA400028380068C0F3C0600028F1D100BF434837
:10AA5000006820F47C30216840EA01303F490860FA
:10AA6000A088401EC0F30800A168491E4FF47E4232
:10AA700002EA41210843A189491ED20102EA0141AB
:10AA80000843217C491E120202EA0161084333494E
:10AA90001031086000BF3148001D006820F0C00080
:10AAA000616908432D49091D08600846006820F0C7
:10AAB0002000A16908432949091D0860084600686B
:10AAC00020F0100008602548143000684FF6F87137
:10AAD0008843E16940EAC1002049143108601F48F9
:10AAE000001D006840F010001C49091D08602EB9C7
:10AAF0000846006840F40020086012E0012E08D1EA
:10AB00001648001D006840F480101449091D0860B3
:10AB100007E01248001D006840F400100F49091DAD
:10AB200008600E482838006840F080600B492839DA
:10AB30000860FAF7E3F8054606E0FAF7DFF8401B8D
:10AB4000022801D9032065E7044828380068C0F3CB
:10AB5000C0600028F1D038465CE700002844025865
:10AB60002DE9F04104460E4600275548006800F0E4
:10AB70000300032802D10120BDE8F08150482838A5
:10AB8000006820F080504E4928390860FAF7B6F87E
:10AB9000054606E0FAF7B2F8401B022801D9032067
:10ABA000EAE7474828380068C0F340700028F1D130
:10ABB00000BF4348006820F07C70218840EA0150C3
:10ABC0003F490860A088401EC0F30800A168491EE4
:10ABD0004FF47E4202EA41210843A189491ED20175
:10ABE00002EA01410843217C491E120202EA016186
:10ABF000084333491831086000BF3148001D006820
:10AC000020F44060616908432D49091D0860084629
:10AC1000006820F40070A16908432949091D0860F3
:10AC20000846006820F48070086025481C300068E1
:10AC30004FF6F8718843E16940EAC10020491C31B0
:10AC400008601F48001D006840F480701C49091D01
:10AC500008602EB90846006840F48000086012E0E1
:10AC6000012E08D11648001D006840F40000144968
:10AC7000091D086007E01248001D006840F0807060
:10AC80000F49091D08600E482838006840F08050C0
:10AC90000B4928390860FAF731F8054606E0FAF75B
:10ACA0002DF8401B022801D9032065E70448283805
:10ACB0000068C0F340700028F1D038465CE700001F
:10ACC0002844025810B5122210491148FDF777FFA9
:10ACD0009FED102ADFED101A9FED101ADFED0F0A1D
:10ACE000B7EE000A00210E48FFF75AFE9FED092A31
:10ACF000DFED091A9FED091ADFED080AB7EE000A29
:10AD000000210848FFF74CFE10BD0000600B00203A
:10AD1000C40800240000C84200007A44000000007B
:10AD2000C40B0020100C002010B5A5480AF07CF8D8
:10AD30001322A449A448F5F7EFFB0AF0A1F9A348B0
:10AD40000088C0B1A2480088A8B10020A14981F8BC
:10AD50006000A14981F850009FEDA00BA14880ED53
:10AD6000000B9FEDA10AA14880ED000A9FED9E0A0D
:10AD70009F4880ED060AFEF777FD0BF00BF80BF00D
:10AD800033FF01209B49087000209B4908609B48C5
:10AD90000078A0B906F082FF9948807A022806D18F
:10ADA0009848807E012802D107F048FC07E009F0AE
:10ADB000F3FC07F075FF08F0A1FD09F0F9FA8F48E0
:10ADC0000078022801D106F0CBFF8C4800780128DA
:10ADD00001D105F0D7FF89480078032801D106F09A
:10ADE00067F90BF019FF8848007808B909F084F872
:10ADF00080480078012802D109F0FAF900E000BF8C
:10AE00007D48006828B981480068012801D10BF00D
:10AE100029FF7F490968888800EBD0714910A0EBB1
:10AE2000410101290AD17B497B4807F08FFA794912
:10AE30006F4805F025FF774808F05EFF774890EDF2
:10AE4000000AF2EE040AB4EEE00AF1EE10FA0EDDAA
:10AE5000734890ED000B9FED731BB4EEC10BF1EE48
:10AE600010FA04DBBAEE040A6C4880ED000A00BF59
:10AE70006E4890ED000ADFED6E0AB4EEE00AF1EEE6
:10AE800010FA04D89FED6A0A80ED000A0DE06748C9
:10AE900090ED000ADFED670AB4EEE00AF1EE10FA79
:10AEA00003DB9FED640A80ED000A00BF00BF62482B
:10AEB00090ED000ADFED610AB4EEE00AF1EE10FA5F
:10AEC00004D89FED5E0A80ED000A0DE05A4890ED2F
:10AED000000ADFED5B0AB4EEE00AF1EE10FA03DBE4
:10AEE0009FED570A80ED000A00BF564890ED080A12
:10AEF000DFED550AB4EEE00AF1EE10FA1EDD00BFF8
:10AF0000524890ED000ADFED520AB4EEE00AF1EE8D
:10AF100010FA04D89FED4E0A80ED000A0DE04B4870
:10AF200090ED000ADFED4B0AB4EEE00AF1EE10FA04
:10AF300003DB9FED480A80ED000A1EE000BF434896
:10AF400090ED000ADFED420AB4EEE00AF1EE10FAED
:10AF500004D89FED3F0A80ED000A0DE03B4890EDDC
:10AF6000000ADFED3C0AB4EEE00AF1EE10FA03DB72
:10AF70009FED380A80ED000A00BF00BF364890ED13
:10AF8000000ADFED360AB4EEE00AF1EE10FA04D85A
:10AF90009FED320A80ED000A0DE02F4890ED000A87
:10AFA000F7EE000AB4EEE00AF1EE10FA03DBB7EEBA
:10AFB000000A80ED000A00BF09F0D6F810BD0000BD
:10AFC000CC2D0024FA2E002490310024DA01002038
:10AFD000E0010020A03B0024E03A00240000000033
:10AFE0000000000020050024000000003C050024B3
:10AFF000980B0020C8030020A80300204C03002069
:10B00000F0290024803D002468030020AC030020C8
:10B01000FC020020183C0024780B0020C003002014
:10B02000180500240000000000208240B00300202A
:10B030008FC275BE33331340B4030020CDCC1CC087
:10B040009A991940A8070020CDCCCCBDB8030020A8
:10B050006666A6BF9A99D93FBC030020EC51D8BFC1
:10B06000074890ED120B9FED071B30EE410B9FED53
:10B07000071B80EE012B074880ED002B7047000076
:10B08000E03A00240000000000000000000000C0C2
:10B09000F5884140200500240268516902689269E0
:10B0A00042F0080203689A610268926942F0100255
:10B0B00003689A610268126822F0010203681A604C
:10B0C0000268126940F26F339A4303681A6102689A
:10B0D000926822F4404203689A6090F88120042A22
:10B0E0000ED001F020025AB1D0F8842042F0800244
:10B0F000C0F884200268926942F0200203689A61D5
:10B1000090F88120032A0ED001F040025AB1D0F805
:10B11000842042F00402C0F884200268926942F060
:10B12000400203689A6101F400725AB1D0F8842099
:10B1300042F00102C0F884200268926942F4007271
:10B1400003689A6101F480725AB1D0F8842042F009
:10B150000802C0F884200268926942F48072036891
:10B160009A610022A0F86220A0F86A20704710B50A
:10B1700001460124C86B04EB5013C868421CD01D63
:10B18000C20802FB03F010BD2DE9F04106460D4652
:10B1900017461C46DDF818800BE0F9F7AFFDA0EB71
:10B1A0000800A04201D3601C00B914B90320BDE817
:10B1B000F081306840692840A84201D1012000E0B8
:10B1C0000020B842E9D00020F1E7704710B50848E8
:10B1D000C07F012805D1012241030648F9F788FD07
:10B1E00005E000224FF400510248F9F781FD10BD3F
:10B1F000980B002000100258704730B501460A46EF
:10B200001378521C147843EA042030BD10B5F9F7C6
:10B210007BFD10BD00B59DB04C210AA8F5F7F3F9F0
:10B22000202102A8F5F7EFF90220FAF737FD00BF59
:10B23000002001902648006820F44040244908601E
:10B240000846006800F44040019000BF00BF00BF06
:10B250001F48006800F40050B0F5005FF8D12120CD
:10B260000A904FF480300B90012010900220139030
:10B27000022114911591282116910121179106217F
:10B280001891022119910C211A9100211B911C91F6
:10B290000AA8FCF7D3F808B1F6F739FB3F20029073
:10B2A0000320039000200490082005904020069081
:10B2B000502007904FF480600890402009900321AF
:10B2C00002A8FBF7CBFD08B1F6F721FB1DB000BDCE
:10B2D000184802582F48006840F470002D49086053
:10B2E0002D48006800F00F00072806D22A480068A1
:10B2F00020F00F00C01D284908602848006840F071
:10B3000001002649086000202449103108602348C4
:10B31000006823490840214908601F48006800F080
:10B320000F00072806D91C48006820F00F00C01D38
:10B33000194908600020194918310860091D086082
:10B34000091D086017481549283108601648091D6D
:10B3500008601648091D08600020091D0860134890
:10B36000091D08600020091D08601048091D0860BB
:10B370000020091D08600948006820F48020074962
:10B380000860002005496031086043F2D200084996
:10B390000860704788ED00E0002000520044025829
:10B3A0007FEDF6EA000202020000FF0180020101C7
:10B3B0000040005210B50268304B98420ED0B0F1F8
:10B3C000804F0BD02E4B984208D02E4B984205D080
:10B3D0002D4B984202D02D4B984203D122F070029F
:10B3E0004B681A43254B98421DD0B0F1804F1AD0BC
:10B3F000234B984217D0234B984214D0224B9842AB
:10B4000011D0224B98420ED0214B98420BD0214BA9
:10B41000984208D0204B984205D0204B984202D049
:10B420001F4B984203D122F44072CB681A4322F09A
:10B4300080034C6943EA040202608B68C3620B68B4
:10B4400083620E4B98420BD0104B984208D0104BA1
:10B45000984205D00F4B984202D00F4B984201D131
:10B460000B69036301234361036903F001031BB10B
:10B47000036923F00103036110BD000000000140D7
:10B480000004004000080040000C0040000401409F
:10B4900000400140004401400048014000E00040FD
:10B4A00000E4004030B501F01F05012404FA05F363
:10B4B000046A9C430462046A01F01F0502FA05F560
:10B4C0002C43046230BD30B50C46816821F47F41C5
:10B4D00042EA032525432943816030BD0A4681683D
:10B4E000034B194042F00703194381607047000085
:10B4F0008FFFCFFF30B5026A056A25F001050562AE
:10B5000043688469204D2C4024F003040D682C43CB
:10B5100022F002028D682A431C4DA84200D10FE0A0
:10B520001B4DA84200D10BE01A4DA84200D107E004
:10B53000194DA84200D103E0184DA84206D100BF22
:10B5400022F00802CD682A4322F004020F4DA842DF
:10B550000BD00F4DA84208D00E4DA84205D00E4D7D
:10B56000A84202D00D4DA84207D123F4807323F4E2
:10B5700000734D692B438D692B43436084614D6893
:10B580004563026230BD00008FFFFEFF00000140F6
:10B5900000040140004001400044014000480140D7
:10B5A00030B5026A056A25F01005056243688469B2
:10B5B000224D2C4024F440740D6844EA052422F006
:10B5C00020028D6842EA05121D4DA84200D10FE00D
:10B5D0001C4DA84200D10BE01B4DA84200D100BF7A
:10B5E0001A4DA84200D100BF194DA84207D106E06C
:10B5F00022F08002CD6842EA051222F04002104D8E
:10B60000A8420BD00F4DA84208D00F4DA84205D03C
:10B610000E4DA84202D00E4DA84209D123F48063FA
:10B6200023F400634D6943EA85038D6943EA85038A
:10B63000436084614D688563026230BDFF8FFFFE09
:10B64000000001400004014000400140004401406E
:10B650000048014030B5026A056A25F4807505622C
:10B660004368C469224D2C4024F003040D682C4328
:10B6700022F400728D6842EA05221E4DA84200D1D4
:10B680000FE01D4DA84200D10BE01C4DA84200D197
:10B6900000BF1B4DA84200D100BF1A4DA84207D1E0
:10B6A00006E022F40062CD6842EA052222F48062BC
:10B6B000104DA8420BD0104DA84208D00F4DA84203
:10B6C00005D00F4DA84202D00E4DA84209D123F457
:10B6D000805323F400534D6943EA05138D6943EA0F
:10B6E00005134360C4614D68C563026230BD00004C
:10B6F0008FFFFEFF000001400004014000400140B8
:10B70000004401400048014030B5036A056A25F451
:10B71000805505624468C269124D2A4022F4407285
:10B720000D6842EA052223F400538D6843EA05338D
:10B730000D4DA8420BD00D4DA84208D00C4DA8428B
:10B7400005D00C4DA84202D00B4DA84204D124F4E0
:10B7500080444D6944EA85144460C2614D680564C3
:10B76000036230BDFF8FFFFE000001400004014076
:10B7700000400140004401400048014030B5026AE9
:10B78000056A25F4803505624368446D114D2C40EF
:10B790000D682C4322F400320D8942EA05420E4D19
:10B7A000A8420BD00D4DA84208D00D4DA84205D09F
:10B7B0000C4DA84202D00C4DA84204D123F4803392
:10B7C0004D6943EA0523436044654D68856502621F
:10B7D00030BD00008FFFFEFF00000140000401406B
:10B7E00000400140004401400048014030B5026A79
:10B7F000056A25F4801505624368446D114D2C409F
:10B800000D6844EA052422F400120D8942EA05522B
:10B810000D4DA8420BD00D4DA84208D00C4DA842AA
:10B8200005D00C4DA84202D00B4DA84204D123F400
:10B8300080234D6943EA8523436044654D68C565AF
:10B84000026230BDFF8FFFFE000001400004014096
:10B8500000400140004401400048014030B50B4623
:10B860001446026A056A25F001050562816921F026
:10B87000F00141EA041122F00A021A4381610262D6
:10B8800030BD30B50B461446026A056A25F0100536
:10B890000562816921F4704141EA043122F0A0027D
:10B8A00042EA03128161026230BD000010B5074810
:10B8B000FDF718FA122206490448FDF780F90548F9
:10B8C00006F046FF0248F6F7F9F910BDC408002457
:10B8D000600B0020803D002410B50648FDF702FAF9
:10B8E0000549064809F054F9FF2203490148FDF7CC
:10B8F00066F910BD580900245C0C0020082A0024B9
:10B9000070B5456E2DB90125A0F86A50A0F86850B1
:10B910001CE0102310240568AD68C5F3426105687A
:10B92000AD686A0F0A4DAD5C15FB04F5094EB65CB7
:10B9300095FBF6F5A0F86A50054D6D5C15FB03F517
:10B94000044E765C95FBF6F5A0F8685070BD0000DB
:10B95000206E0108286E010890F8281001F00801F7
:10B96000082907D10168496821F40041826B11431D
:10B970000268516090F8281001F0010139B10168A6
:10B98000496821F40031C26A11430268516090F89D
:10B99000281001F00201022907D10168496821F449
:10B9A0008031026B11430268516090F8281001F059
:10B9B0000401042907D10168496821F48021426B00
:10B9C00011430268516090F8281001F0100110290D
:10B9D00007D10168896821F48051C26B1143026864
:10B9E000916090F8281001F02001202907D101680A
:10B9F000896821F40051026C11430268916090F84B
:10BA0000281001F04001402913D10168496821F450
:10BA10008011426C114302685160416CB1F5801F86
:10BA200007D10168496821F4C001826C11430268A2
:10BA3000516090F8281001F08001802907D1016839
:10BA4000496821F40021C26C1143026851607047BB
:10BA500038B504460020C4F89000F9F74FF90546C0
:10BA60002068006800F00800082821D16FF07E40AF
:10BA70002B4600224FF400110090204600F0F8FF02
:10BA8000B0B100BF00BF216851E8001F21F0800065
:10BA9000226842E800010029F5D100BF2020C4F847
:10BAA000880000BF002084F8840000BF032038BD58
:10BAB0002068006800F00400042830D16FF07E4058
:10BAC0002B4600224FF480010090204600F0D0FF6A
:10BAD00028B300BF00BF216851E8001F21F4907017
:10BAE000226842E800010029F5D100BF00BF00BF75
:10BAF0002168083151E8001F21F001002168083158
:10BB000041E80002002AF3D100BF2020C4F88C00D5
:10BB100000BF002084F8840000BF0320C7E7202076
:10BB2000C4F88800C4F88C000020E066206700BFDD
:10BB300084F8840000BF00BFB9E770B50546AC6B60
:10BB40000020A4F85E00A4F856002046FDF7C9F8CE
:10BB500070BD2DE9F0410546AC6BD4F88860D4F88F
:10BB60008C702068806800F08000802807D1212E2A
:10BB700005D10020A4F85600204600F099F820686E
:10BB8000806800F04000402807D1222F05D1002016
:10BB9000A4F85E00204600F03DF8D4F8900040F094
:10BBA0001000C4F890002046FDF79BF8BDE8F08136
:10BBB00070B50546AC6BE869B0F5807F1ED00020FB
:10BBC000A4F8560000BF00BF2168083151E8001FEB
:10BBD00021F080002168083141E80002002AF3D1F9
:10BBE00000BF00BF00BF216851E8001F41F04000C6
:10BBF000226842E800010029F5D102E02046FDF765
:10BC00002FFE70BD70B50446A56B2846FDF729FED2
:10BC100070BD000000BF00BF026852E8002F22F490
:10BC20009071036843E80012002AF5D100BF00BFFD
:10BC300000BF0268083252E8002F104B02EA0301ED
:10BC40000268083242E80013002BF2D100BFC16E37
:10BC500001290CD100BF00BF026852E8002F22F07A
:10BC60001001036843E80012002AF5D100BF20212B
:10BC7000C0F88C100021C16641677047FEFFFFEFDE
:10BC800010B5044600BF00BF216851E8001F21F035
:10BC90004000226842E800010029F5D100BF2020C1
:10BCA000C4F888000020A0672046FDF7D9FD10BD2C
:10BCB00000BF00BF026852E8002F22F0C0010368F5
:10BCC00043E80012002AF5D100BF00BF00BF0268A0
:10BCD000083252E8002F22F400010268083242E8DC
:10BCE0000013002BF3D100BF2021C0F8881070474B
:10BCF0002DE9F0410446B4F86070D4F88C00222895
:10BD00006ED12068406A86B2A56D06EA07002880D9
:10BD1000A06D801CA065B4F85E00401EA4F85E0013
:10BD2000B4F85E00002861D100BF00BF216851E86F
:10BD3000001F21F49070226842E800010029F5D12B
:10BD400000BF00BF00BF2168083151E8001F21F08B
:10BD500001002168083141E80002002AF3D100BF48
:10BD60002020C4F88C0000206067206720492068EC
:10BD7000884211D02068406800F4000060B100BF24
:10BD800000BF216851E8001F21F08060226842E86E
:10BD900000010029F5D100BFE06E01281CD1002070
:10BDA000E06600BF00BF216851E8001F21F01000CD
:10BDB000226842E800010029F5D100BF2068C0696F
:10BDC000C0F3001010B1102021680862B4F85C10B4
:10BDD0002046FCF724FF09E02046FDF7EFFC05E0D4
:10BDE0002068806940F0080021688861BDE8F08122
:10BDF000000C00582DE9F84F0446B4F860B02068F4
:10BE0000C5692068006800902068D0F808A0D4F8C0
:10BE10008C0022287ED1B4F86890ADE02068406A9A
:10BE20001FFA80F8A76D08EA0B003880A06D801C0F
:10BE3000A065B4F85E00401EA4F85E002068C569E5
:10BE400005F00700B0B305F0010060B1009800F400
:10BE5000807040B1012021680862D4F8900040F061
:10BE60000100C4F8900005F0020058B10AF001008A
:10BE700040B1022021680862D4F8900040F004002C
:10BE8000C4F8900005F0040058B10AF0010040B178
:10BE9000042021680862D4F8900040F00200C4F841
:10BEA0009000D4F8900028B12046FCF71AFF00203B
:10BEB000C4F89000B4F85E0000285DD100BF00BF58
:10BEC000216851E8001F21F48070226842E80001D7
:10BED0000029F5D100BF00BF00BF2168083151E83B
:10BEE000001F404A01EA02002168083141E80002CF
:10BEF000002AF2D100BF2020C4F88C000020606727
:10BF0000206739492068884213D02068406800F4CF
:10BF1000000000E05DE060B100BF00BF216851E8B3
:10BF2000001F21F08060226842E800010029F5D15D
:10BF300000BFE06E01281CD10020E06600BF00BFFA
:10BF4000216851E8001F21F01000226842E800013A
:10BF50000029F5D100BF2068C069C0F3001010B1FE
:10BF6000102021680862B4F85C102046FCF757FEE8
:10BF700002E02046FDF722FCB9F1000F04D005F0E5
:10BF8000200000287FF44AAFB4F85E6006B3B4F82E
:10BF90006800B04223DD00BF00BF2168083151E8CE
:10BFA000001F21F080502168083141E80002002A7A
:10BFB000F3D100BF0D48606700BF00BF216851E8A2
:10BFC000001F41F02000226842E800010029F5D15D
:10BFD00005E02068806940F0080021688861BDE8BC
:10BFE000F88F0000FEFFFFEF000C0058F1BC0008C6
:10BFF00070B50446B4F86060D4F88C0022286FD184
:10C000002068406A85B2F0B22840A16D0870A06D2A
:10C01000401CA065B4F85E00401EA4F85E00B4F8B1
:10C020005E00002862D100BF00BF216851E8001FF8
:10C0300021F49070226842E800010029F5D100BF88
:10C0400000BF00BF2168083151E8001F21F0010046
:10C050002168083141E80002002AF3D100BF202006
:10C06000C4F88C000020606720672149206888425E
:10C0700011D02068406800F4000060B100BF00BF2C
:10C08000216851E8001F21F08060226842E8000129
:10C090000029F5D100BFE06E01281CD10020E06628
:10C0A00000BF00BF216851E8001F21F01000226886
:10C0B00042E800010029F5D100BF2068C069C0F343
:10C0C000001010B1102021680862B4F85C102046FE
:10C0D000FCF7A5FD0AE02046FDF770FB06E0FFE750
:10C0E0002068806940F008002168886170BD000008
:10C0F000000C00582DE9F05F0446B4F860A02068F9
:10C10000C5692068D0F800B02068D0F80890D4F84D
:10C110008C0022287ED1B4F86880ACE02068406AA8
:10C1200087B20AF0FF003840A16D0870A06D401C76
:10C13000A065B4F85E00401EA4F85E002068C569E2
:10C1400005F00700A8B305F0010058B10BF48070AA
:10C1500040B1012021680862D4F8900040F001004D
:10C16000C4F8900005F0020058B109F0010040B198
:10C17000022021680862D4F8900040F00400C4F85E
:10C18000900005F0040058B109F0010040B104200E
:10C1900021680862D4F8900040F00200C4F89000D2
:10C1A000D4F8900028B12046FCF79BFD0020C4F88D
:10C1B0009000B4F85E0000285DD100BF00BF216888
:10C1C00051E8001F21F48070226842E80001002934
:10C1D000F5D100BF00BF00BF2168083151E8001F42
:10C1E0003F4A01EA02002168083141E80002002AC2
:10C1F000F2D100BF2020C4F88C00002060672067C7
:10C2000038492068884213D02068406800F4000054
:10C2100070B100E05CE000BF00BF216851E8001F82
:10C2200021F08060226842E800010029F5D100BFBA
:10C23000E06E01281CD10020E06600BF00BF21682D
:10C2400051E8001F21F01000226842E80001002997
:10C25000F5D100BF2068C069C0F3001010B11020F4
:10C2600021680862B4F85C102046FCF7D8FC02E0B4
:10C270002046FDF7A3FAB8F1000F04D005F0200026
:10C2800000287FF44BAFB4F85E6006B3B4F86800E2
:10C29000B04223DD00BF00BF2168083151E8001F14
:10C2A00021F080502168083141E80002002AF3D1D2
:10C2B00000BF0D48606700BF00BF216851E8001F44
:10C2C00041F02000226842E800010029F5D105E094
:10C2D0002068806940F0080021688861BDE8F09F0F
:10C2E000FEFFFFEF000C0058F1BF00082DE9F04FF2
:10C2F00089B0054600200890F8492868884200D196
:10C3000000E000BF2969A868084369690843E96932
:10C3100040EA010828680068F149084040EA08003E
:10C32000296808602868406820F44050E96808439C
:10C3300029684860D5F81880E8492868884202D002
:10C34000286A40EA080828688068E649084040EA08
:10C350000800296888602868C06A20F00F00696AB0
:10C3600008432968C86200BFDF492868884220D195
:10C37000DE48006800F03800182811D005DC48B10C
:10C38000082809D0102811D108E020280AD0282830
:10C390000CD109E001240BE0042409E0082407E0A3
:10C3A000102405E0202403E0402401E0802400BFA5
:10C3B00042E1CF492868884219D1CC48006800F092
:10C3C0000700062810D2DFE800F0030507090B0D6F
:10C3D00000240BE0042409E0082407E0102405E011
:10C3E000202403E0402401E0802400BF24E1C1496F
:10C3F0002868884219D1BD48006800F00700062867
:10C4000010D2DFE800F0030507090B0D00240BE054
:10C41000042409E0082407E0102405E0202403E0B8
:10C42000402401E0802400BF06E1B3492868884227
:10C4300019D1AE48006800F00700062810D2DFE8E6
:10C4400000F0030507090B0D00240BE0042409E0AC
:10C45000082407E0102405E0202403E0402401E044
:10C46000802400BFE8E0A5492868884219D19F4888
:10C47000006800F00700062810D2DFE800F003058E
:10C4800007090B0D00240BE0042409E0082407E051
:10C49000102405E0202403E0402401E0802400BFB4
:10C4A000CAE097492868884220D19048006800F087
:10C4B0003800182811D005DC48B1082809D0102808
:10C4C00011D108E020280AD028280CD109E0012445
:10C4D0000BE0042409E0082407E0102405E02024F0
:10C4E00003E0402401E0802400BFA5E085492868DE
:10C4F000884219D17D48006800F00700062810D254
:10C50000DFE800F0030507090B0D00240BE004240D
:10C5100009E0082407E0102405E0202403E040247B
:10C5200001E0802400BF87E077492868884219D15C
:10C530006E48006800F00700062810D2DFE800F01F
:10C54000030507090B0D00240BE0042409E008246F
:10C5500007E0102405E0202403E0402401E08024CB
:10C5600000BF69E069492868884220D15F480068B7
:10C5700000F03800182811D005DC48B1082809D08F
:10C58000102811D108E020280AD028280CD109E071
:10C5900001240BE0042409E0082407E0102405E04E
:10C5A000202403E0402401E0802400BF44E05849F7
:10C5B0002868884220D14D48006800F038001828CB
:10C5C00011D005DC48B1082809D0102811D108E0A5
:10C5D00020280AD028280CD109E001240BE00424EB
:10C5E00009E0082407E0102405E0202403E04024AB
:10C5F00001E0802400BF1FE03849286888421AD132
:10C600003A48001D006800F00700062810D2DFE855
:10C6100000F0030507090B0D02240BE0042409E0D8
:10C62000082407E0102405E0202403E0402401E072
:10C63000802400BF00E0802400BF28492868884289
:10C640004BD1102C1AD006DC022C09D0042C0BD0B4
:10C65000082C29D10DE0202C21D0402C24D120E021
:10C66000F9F756FB064623E005A8F9F763FB069E9B
:10C670001EE002A8F9F776FC039E19E01B48543827
:10C680000068C0F3401040B1184854380068C0F347
:10C69000C101204820FA01F600E01E4E08E01E4EBF
:10C6A00006E04FF4004603E000260120089000BF9A
:10C6B00000BF002E10D01949686A31F81000B6FB8F
:10C6C000F0F9686800EB4000484503D8686800034B
:10C6D000484525D20120089007E153E0000C00589E
:10C6E000F369FFCFFFF4FF110010014054440258DA
:10C6F0000044004000480040004C00400050004012
:10C700000014014000780040007C00400018014007
:10C71000001C01400090D00300093D00086E010894
:10C720007849686A31F810C06246002330461946DD
:10C73000F3F75CFE4FF4807C00220346A3FB0C0B56
:10C7400001FB0CB103FB02136968490884461CEB2A
:10C75000010143EB0200CDE90010D5F804C06246A8
:10C76000002308460199F3F741FE0746B7F5407FDD
:10C7700005D3B7F5801F02D22868C760B5E0012055
:10C780000890B2E0E869B0F5004F5BD1082C1AD0F0
:10C7900005DC5CB1012C0DD0042C2DD10EE0102C49
:10C7A00016D0202C23D0402C26D122E0FAF70CFD05
:10C7B000064625E0FAF71AFD064621E005A8F9F736
:10C7C000B9FA069E1CE002A8F9F7CCFB039E17E01D
:10C7D0004D480068C0F3401038B14B480068C0F3C2
:10C7E000C1014A4820FA01F600E0484E08E0484EF0
:10C7F00006E04FF4004603E000260120089000BF49
:10C8000000BF7EB33F49686A31F81000B6FBF0F014
:10C810004000696800EB5100B0FBF1F7102F0ED318
:10C82000B7F5803F0BD24FF6F07007EA000AC7F366
:10C8300042004AEA000A2868C0F80CA055E001202E
:10C84000089052E0082C1BD005DC64B1012C0ED0FE
:10C85000042C2ED10FE0102C17D0202C24D0402CEB
:10C8600027D123E041E0FAF7AFFC064625E0FAF7CE
:10C87000BDFC064621E005A8F9F75CFA069E1CE01F
:10C8800002A8F9F76FFB039E17E01F480068C0F38A
:10C89000401038B11C480068C0F3C1011B4820FAA1
:10C8A00001F600E0194E08E0194E06E04FF400468C
:10C8B00003E000260120089000BF00BFAEB111497F
:10C8C000686A31F81000B6FBF0F0696800EB5100BF
:10C8D000B0FBF1F7102F06D3B7F5803F03D2B8B203
:10C8E0002968C86001E0012008900120A5F86A00CD
:10C8F000A5F8680000206867A867089809B0BDE837
:10C90000F08F0000086E0108004402580090D00328
:10C9100000093D0030B503469965A3F85C20A3F8F3
:10C920005E200020586700BF9868B0F5805F0AD18C
:10C93000186920B940F2FF10A3F8600020E0FF2042
:10C94000A3F860001CE0986848B9186918B9FF207E
:10C95000A3F8600014E07F20A3F8600010E098685E
:10C96000B0F1805F09D1186918B97F20A3F8600081
:10C9700006E03F20A3F8600002E00020A3F860007A
:10C9800000BF0020C3F890002220C3F88C0000BF35
:10C9900000BF1C68083454E8004F44F001001C68D4
:10C9A000083444E80005002DF3D100BF586EB0F103
:10C9B000005F2CD1B3F86800904228DC9868B0F58D
:10C9C000805F04D1186910B92548586701E02548EF
:10C9D0005867186960B100BF00BF1C6854E8004F79
:10C9E00044F480701D6845E80004002CF5D100BFB8
:10C9F00000BF00BF1C68083454E8004F44F080506A
:10CA00001C68083444E80005002DF3D126E098683E
:10CA1000B0F5805F04D1186910B91348586701E078
:10CA200012485867186960B100BF00BF1C6854E81D
:10CA3000004F44F490701D6845E80004002CF5D1C7
:10CA40000CE000BF00BF1C6854E8004F44F0200019
:10CA50001D6845E80004002CF5D100BF002030BD62
:10CA6000F5BD0008F5C00008F1BC0008F1BF0008E2
:10CA70002DE9F04104460D4617469846069E41E0D2
:10CA8000701C00283ED0F8F739F9A0EB0800B0423E
:10CA900000D816B90320BDE8F0812068006800F0D6
:10CAA000040070B3802D2DD0402D2BD02068C0699C
:10CAB000C0F3C00078B10820216808622046FFF763
:10CAC000A9F80820C4F8900000BF002084F8840072
:10CAD00000BF0120DFE72068C069C0F3C02080B13B
:10CAE0004FF40060216808622046FFF793F8202089
:10CAF000C4F8900000BF002084F8840000BF032029
:10CB0000C9E7FFE72068C0692840A84201D1012099
:10CB100000E00020B842B3D00020BCE7074890F8FE
:10CB20003B00022801D106490870044890F83B00F8
:10CB3000662801D10249087070470000082A0024C5
:10CB4000F203002010B586B01048007810B9FFF746
:10CB5000E5FF18E00E48F3F7C0FC84B20B480078FC
:10CB60000121FA220292CDE90321059005200F212F
:10CB70002346074ACDE9001006A1074808F068FDE2
:10CB8000054808F023FD06B010BD0000F2030020A8
:10CB9000EC03002073643100082A002410B5084813
:10CBA000FCF7A0F80749084807F0F2FFFF22054903
:10CBB0000348FCF704F8054805F0CAFD10BD000065
:10CBC000140B00245B0D0020CC2D0024603D0024BC
:10CBD00010B50248FCF786F810BD0000EC090024EF
:10CBE00010B50248FCF77EF810BD0000800A002452
:10CBF0002DE9F04104460D46D4F8C87204F53070B2
:10CC0000D4F8D41250F8210010B90320BDE8F08107
:10CC100004F53070D4F8D41250F8216005F00F00FC
:10CC200000EB800104F1140000EB8100406838B390
:10CC300005F00F0000EB800104F1140000EB81000F
:10CC4000416805F00F0000EBC00207F1140000EB93
:10CC500082008068B1FBF0F200FB121080B9002165
:10CC600005F00F0000EB800204F1140000EB8200DD
:10CC7000416000231A462946204601F056F917E084
:10CC80000020C6F8140204F53170D4F8D41250F81C
:10CC90002100006960B1D6F8080204F53171D4F8BA
:10CCA000D42251F822102A460B6906F504719847E0
:10CCB0000020ABE770B504460E4604F53070D4F89A
:10CCC000D41250F82150D4F8D41250F8210008B9E9
:10CCD000032070BD3146204600F07AFFC5F80C02F3
:10CCE000D5F8040204F53171D4F8D43251F8231088
:10CCF000CA6805F5037190470020EAE770B504465D
:10CD00000D4630480178204600F034FE00212D48C1
:10CD1000007800F00F0000EB800204F1140000EB3B
:10CD20008200018228480178204600F023FE00217D
:10CD30002548007800F00F0000EB800204F5AA708F
:10CD400000EB8200018221480178204600F012FEAB
:10CD500000211E48007800F00F0000EB800204F173
:10CD6000140000EB820001821848007800F00F00E8
:10CD700000EB800204F1140000EB8200418204F514
:10CD80003070D4F8D41250F82100C8B104F53171D4
:10CD9000D4F8D42251F822104868804704F5307145
:10CDA000D4F8D42251F8220001F0E8FB002104F568
:10CDB0003070D4F8D42240F822100020C4F8BC020D
:10CDC000002070BDAB000024AC000024AD000024A6
:10CDD00070B5044604F53070D4F8D41250F82150E0
:10CDE0000DB9032070BD04F53170D4F8D41250F899
:10CDF000210098B195F80002FF280FD095F8012284
:10CE000095F8000204F53171D4F8D46251F8261077
:10CE10008B6829469847FF2085F800020020E1E74B
:10CE200001460A20088001487047000024000024C1
:10CE30002DE9F041044682210D4800F02FFC054603
:10CE400001210B4800F02AFC06468121084800F029
:10CE500025FC07460DB11020A8710EB14020B0800E
:10CE60000FB14020B880432020800148BDE8F08108
:10CE7000680000242DE9F041044682210E4800F0AC
:10CE80000DFC054601210C4800F008FC06468121F6
:10CE9000094800F003FC07460DB11020A87116B137
:10CEA0004FF40070B08017B14FF40070B880432089
:10CEB00020800148BDE8F081680000242DE9F041A0
:10CEC000044682210D4800F0E9FB054601210B488C
:10CED00000F0E4FB06468121084800F0DFFB07462E
:10CEE0000DB11020A8710EB14020B0800FB14020CC
:10CEF000B880432020800148BDE8F081680000240C
:10CF000070B504460E464FF4077001F039FB054634
:10CF100045B9002104F53070D4F8D42240F822102D
:10CF2000022070BD4FF407712846F3F76CFB04F53F
:10CF30003070D4F8D41240F82150D4F8D41250F8FC
:10CF40002100C4F8BC02207C98BB4FF4007302227D
:10CF500050480178204600F0E1FE01214D4800785C
:10CF600000F00F0000EB800204F1140000EB8200DF
:10CF700001824B02022248480178204600F0CEFE92
:10CF800001214548007800F00F0000EB800204F515
:10CF9000AA7000EB8200018210214048007800F066
:10CFA0000F0000EB800204F1140000EB82004182CC
:10CFB00032E0FFE74023022236480178204600F0A5
:10CFC000ADFE01213348007800F00F0000EB800235
:10CFD00004F1140000EB82000182402302222E485B
:10CFE0000178204600F09AFE01212B48007800F0DD
:10CFF0000F0000EB800204F5AA7000EB82000182B2
:10D0000010212648007800F00F0000EB800204F1A8
:10D01000140000EB82004182082303221F4801789C
:10D02000204600F07BFE01211C48007800F00F0034
:10D0300000EB800204F1140000EB8200018200206A
:10D04000C5F8040204F53171D4F8D42251F8221045
:10D05000086880470020C5F81402C5F81802D5F802
:10D06000040208B902205CE7207C48B94FF4007341
:10D07000094801782046D5F8042200F067FE07E051
:10D080004023054801782046D5F8042200F05EFED2
:10D09000002046E7AB000024AC000024AD000024D3
:10D0A00070B5044604F53070D4F8D41250F821500D
:10D0B000D4F8D41250F8210008B9032070BD207CA8
:10D0C00048B94FF40073094801782046D5F8042286
:10D0D00000F03CFE07E04023044801782046D5F8E4
:10D0E000042200F033FE0020E8E70000AC0000243A
:10D0F000024609B90320704702F53170D2F8D432E4
:10D1000040F823100020F6E710B5024602F5307013
:10D11000D2F8D44250F824300BB9032010BDC3F824
:10D1200004120020FAE730B503460C4603F53070D0
:10D13000D3F8D45250F8251009B9032030BDC1F8F6
:10D140000842C1F810220020F8E72DE9FC4105460D
:10D150000C4605F53070D5F8D41250F82160002047
:10D1600001900090804616B90320BDE8FC8120782C
:10D1700000F0600000283DD020287CD1E08868B312
:10D18000207800F08000B8B1E288607805F5317150
:10D19000D5F8D4C251F82C108B6831469847E088F6
:10D1A000072801D9072000E0E08807463A463146C3
:10D1B000284600F011F91CE0607886F80002E0884B
:10D1C000402801D2E08800E0402086F8010296F86D
:10D1D00001223146284600F0DEF80AE0607805F5C5
:10D1E0003171D5F8D42251F8221000228B682146E3
:10D1F000984747E0607830B1012832D00A2813D030
:10D200000B282FD121E095F89C02032805D102229A
:10D210006946284600F0E0F805E02146284600F07F
:10D22000AEF84FF0030824E095F89C02032805D1DE
:10D23000012201A9284600F0CFF805E02146284642
:10D2400000F09DF84FF0030813E095F89C020328C6
:10D2500005D02146284600F092F84FF0030808E078
:10D2600009E006E02146284600F089F84FF003085F
:10D2700000BF00BF06E02146284600F080F84FF0CE
:10D28000030800BF00BF40466FE7000070B50546C9
:10D2900005F53070D5F8D41250F8214001260CB9AC
:10D2A000032070BDD4F81402C8B90120C4F81402D8
:10D2B0000C48007800F00F0000EB800205F114002C
:10D2C00000EB8200D4F8101241600648017828462D
:10D2D000D4F81032D4F8082200F027FE0026304699
:10D2E000DFE70000AB00002470B504460D460026C1
:10D2F000D4F8B802294642682046904700B1032678
:10D30000304670BD70B504460D4694F89C02012865
:10D3100004D0022803D003280CD101E000BF00BFD5
:10D320006888012805D10020C4F8A402204600F036
:10D3300064F804E02946204600F021F800BF00BF51
:10D3400070BD02460020704702460020704770B54D
:10D3500006460C4615462B4622460021304600F074
:10D36000F5FC002070BD70B506460C4615462B46F0
:10D3700022460021304600F0D8FD002070BD70B577
:10D3800004460D468021204600F09FFD00212046E6
:10D3900000F09BFD70BD70B504460E461546032097
:10D3A000C4F894024FF4AC700551001D05512B4692
:10D3B00032460021204600F0C9FC002070BD10B5A7
:10D3C00004460520C4F8940200231A461946204654
:10D3D00000F0BCFC002010BD70B504460E4615469A
:10D3E0000220C4F89402A561E5612B463246002173
:10D3F000204600F09AFD002070BD10B504460420C0
:10D40000C4F8940200231A461946204600F08DFD08
:10D41000002010BD70B504460D46E888012804D0F0
:10D4200029462046FFF7ABFF1EE094F89C02012836
:10D4300004D0022803D0032810D109E000BF002047
:10D44000A060012204F108012046FFF7C5FF0AE0B1
:10D450000122211D2046FFF7BFFF04E02946204698
:10D46000FFF78DFF00BF00BF70BDF8B504460E4644
:10D47000002000900027002570880012062874D034
:10D4800006DC01281BD0022821D003286ED132E00F
:10D4900007286CD00F28F9D1D4F8B402C06938B18C
:10D4A000207CD4F8B412CA6969469047074605E063
:10D4B00031462046FFF763FF681CC5B2CBE0207CF5
:10D4C000D4F8B4120A68694690470746C3E0207C46
:10D4D00040B9D4F8B802816A6846884707460220F6
:10D4E000787007E0D4F8B802C16A684688470746F2
:10D4F00002207870AFE0B07806287AD2DFE800F03A
:10D500000316293F5265D4F8B402406838B1207C34
:10D51000D4F8B4124A6869469047074605E0314698
:10D520002046FFF72CFF681CC5B269E0D4F8B402AE
:10D53000806838B1207CD4F8B4128A686946904774
:10D54000074605E031462046FFF719FF681CC5B2C3
:10D5500056E0D4F8B402C06850B1207CD4F8B412BC
:10D56000CA6869469047074608E04BE06CE059E01E
:10D5700031462046FFF703FF681CC5B240E0D4F8EF
:10D58000B402006938B1207CD4F8B4120A69694643
:10D590009047074605E031462046FFF7F0FE681C3D
:10D5A000C5B22DE0D4F8B402406938B1207CD4F87B
:10D5B000B4124A6969469047074605E0314620465D
:10D5C000FFF7DDFE681CC5B21AE0D4F8B40280692A
:10D5D00040B1207CD4F8B4128A6969469047074666
:10D5E00006E006E031462046FFF7C9FE681CC5B2DA
:10D5F00006E031462046FFF7C2FE681CC5B200BFF8
:10D6000000BF28E0207C30B9D4F8B802416B6846EE
:10D610008847074605E031462046FFF7B0FE681C04
:10D62000C5B218E0207C40B9D4F8B802016B684656
:10D63000884707460720787005E031462046FFF707
:10D640009EFE681CC5B206E031462046FFF797FEF5
:10D65000681CC5B200BF00BF05B1F8BDF088C0B1FD
:10D66000BDF8000080B1F088BDF80010884202DDEE
:10D67000BDF8000000E0F0880090BDF800203946B9
:10D680002046FFF7A9FE07E031462046FFF777FE68
:10D6900002E02046FFF7B1FE00BFDEE72DE9F841CA
:10D6A00005460F462C462E464FF00008708831780C
:10D6B000884218DD307800900FE06946204600F07F
:10D6C00020F804466078052807D1A04698F80200A3
:10D6D000B84200D106E04FF000087088BDF8001095
:10D6E0008842EADC00BF4046BDE8F88101460020E0
:10D6F0000A4602E0431CD8B2521C1378002BF9D121
:10D70000704710B5024610460B88047823440B80FE
:10D710000378981810BD70B504460D4694F89C0225
:10D72000012804D0022803D003281AD101E000BF49
:10D7300000BFE888022804D029462046FFF71FFED4
:10D7400014E00120E060D4F8A40218B1E06840F0D1
:10D750000200E060022204F10C012046FFF73CFECB
:10D7600004E029462046FFF70AFE00BF00BF70BD57
:10D770002DE9F04107460D46904600240FB9BDE85B
:10D78000F0813E463046FFF7B1FF022101EB400039
:10D79000B0F5007F01D9080204E03046FFF7A6FF8C
:10D7A0004000801CA8F8000098F800002855601C74
:10D7B000C4B203202855601CC4B208E03078285554
:10D7C000761C601CC4B200202855601CC4B230789E
:10D7D0000028F3D100BFD2E70146002031B1012972
:10D7E00006D0022906D0032908D105E0002007E071
:10D7F000032005E0012003E0032001E0032000BF37
:10D8000000BF704770B505460C462DB92246064943
:10D8100006A0FFF7ADFF04E02246034903A0FFF78F
:10D82000A7FF014870BD00008C0400204344432042
:10D83000436F6E6669670000024612200880014847
:10D84000704700003000002070B505460C462DB929
:10D850002246064906A0FFF78BFF04E02246034953
:10D8600003A0FFF785FF014870BD00008C04002075
:10D8700043444320496E746572666163650000002D
:10D880000246042008800148704700005000002034
:10D8900070B505460C462246024903A0FFF768FF13
:10D8A000004870BD8C04002053544D6963726F654D
:10D8B0006C656374726F6E696373000070B50546C2
:10D8C0000C462DB92246064906A0FFF751FF04E099
:10D8D0002246034903A0FFF74BFF014870BD00003B
:10D8E0008C04002053544D33322056697274756194
:10D8F0006C20436F6D506F727400000070B5054668
:10D900000C461A202080F4F785FB014870BD00000A
:10D91000540000202DE9F04104460D46164614B986
:10D920000320BDE8F0810020C4F8B802C4F8C402A6
:10D93000C4F8D0020DB1C4F8B452012084F89C029E
:10D940002670204600F04EF907463846E9E72DE9F3
:10D95000F04104460D46002600272946D4F8C802A7
:10D96000F7F777FB06463046FFF736FF074638469F
:10D97000BDE8F0812DE9F04104460D460026002760
:10D980002946D4F8C802F7F72FFB06463046FFF7C2
:10D9900023FF07463846BDE8F0812DE9F0470446ED
:10D9A0000F469146002F56D104F11405D4F8940285
:10D9B000022846D1D5E9020188420FD9D5E90201F2
:10D9C000401AA86049462046AA68FFF7CCFC00230D
:10D9D0001A461946204600F0B9F932E0D5E902109E
:10D9E000884217D1E9686868884213D36868D4F818
:10D9F000981288420ED2002211462046FFF7B3FC4F
:10DA00000020C4F8980200231A461946204600F068
:10DA10009DF916E094F89C0203280BD1D4F8B802C3
:10DA2000C06838B10020C4F8D402D4F8B802C16884
:10DA3000204688478021204600F047FA2046FFF71D
:10DA4000BEFC94F8A00250B3204600F0C5FA0020B6
:10DA500084F8A00223E047F080012046FFF771FC24
:10DA60000646FF2E1BD0D6B994F89C02032816D187
:10DA700004F52E7050F82600406980B1C4F8D462D5
:10DA800004F52E7050F8260039464269204690472A
:10DA90008046B8F1000F02D04046BDE8F087002074
:10DAA000FBE72DE9F04705460F4690464FF0000989
:10DAB000002F51D105F5AA76D5F8940203286FD12D
:10DAC000D6E90201884210D9D6E90201401AB060B5
:10DAD000D6E90201884201D2B06800E0F06802464F
:10DAE00041462846FFF733FC5AE095F8AA0200F0B9
:10DAF0001F0020B1012804D0022812D109E000241F
:10DB000011E040F2AE20415D2846FFF71DFC0446BF
:10DB100009E040F2AE20415D2846FFF712FC0446C2
:10DB200001E0002400BF00BF94B995F89C020328CF
:10DB30000ED105F52E7050F82400006940B1C5F8EB
:10DB4000D44205F52E7050F8240001692846884714
:10DB50002846FFF752FC23E007F07F012846FFF735
:10DB6000F0FB0446FF2C1BD0D4B995F89C02032887
:10DB700010D105F52E7050F82400806950B1C5F819
:10DB8000D44205F52E7050F82400394682692846A3
:10DB900090478146B9F1000F02D04846BDE8F087B2
:10DBA0000020FBE701460020704770B504460025C1
:10DBB000012084F89C02D4F8B80238B12179D4F855
:10DBC000B80242682046904700B10325284670BD40
:10DBD00070B504460D462946D4F8C802F7F777FA1F
:10DBE00070BD000010B50446207801282CD11748DC
:10DBF000C0F8E044C4F8C802154814490860092078
:10DC0000087102211148C171002181710221417204
:10DC100000218172C17201738173C1730174F7F7BE
:10DC2000CCFE08B1F3F773FE4FF400710748F7F725
:10DC300060F9802200210548F7F760F94FF4BA72C5
:10DC400001210248F7F75AF9002010BD44220024B0
:10DC50000000044010B50246D2F8C83201F080003E
:10DC6000802809D101F07F0000EBC00403F114000B
:10DC700000EB8400807810BD01F07F0000EBC00451
:10DC800003F5157000EB84008078F4E770B5044666
:10DC90000D4604F52E70D4F8D41250F8210008B9BE
:10DCA000032070BD94F89C02032811D104F52E7056
:10DCB000D4F8D41250F82100006A48B104F52E704F
:10DCC000D4F8D41250F821002946026A2046904721
:10DCD0000020E6E770B504460D4604F52E70D4F832
:10DCE000D41250F8210008B9032070BD94F89C02AA
:10DCF000032811D104F52E70D4F8D41250F8210065
:10DD0000406A48B104F52E70D4F8D41250F82100BE
:10DD10002946426A204690470020E6E72DE9F04771
:10DD200004460F4615461E464FF00008C1462B46D6
:10DD300032463946D4F8C802F7F7D4F9804640464F
:10DD4000FFF74AFD81464846BDE8F0872DE9F047D8
:10DD500004460D4616461F464FF00008C1463B4696
:10DD600032462946D4F8C802F7F702FA8046404600
:10DD7000FFF732FD81464846BDE8F08770B504469E
:10DD80000025012084F89C020020C4F89402606001
:10DD9000C4F8A40284F8A002D4F8B80258B1D4F8A8
:10DDA000B802406838B12179D4F8B80242682046F8
:10DDB000904700B103254023002211462046FFF77B
:10DDC000ADFF01214FF4B27001534021001F0151FA
:10DDD0004023002280212046FFF7A0FF0121A184DB
:10DDE00040212162284670BD014691F89C0204281A
:10DDF00003D191F89D0281F89C020020704710B574
:10DE0000044694F89C0203280BD1D4F8B80240B120
:10DE1000D4F8B802C06920B1D4F8B802C16920466C
:10DE20008847002010BD02461174002070472DE97C
:10DE3000F04104460D46002600272946D4F8C802C2
:10DE4000F7F7C8FE06463046FFF7C6FC07463846D9
:10DE5000BDE8F08170B504460D46294604F2AA20BB
:10DE600000F07BF80120C4F894024FF42C70005BA2
:10DE7000C4F8980294F8AA0200F01F0020B101280B
:10DE800009D0022815D10DE004F2AA21204600F0A5
:10DE900087F9064616E004F2AA21204600F017FB97
:10DEA00006460FE004F2AA21204600F0D0F906460B
:10DEB00008E094F8AA0200F08001204600F005F87E
:10DEC000064600BF00BF304670BD2DE9F041044654
:10DED0000D46002600272946D4F8C802F7F76BF94B
:10DEE00006463046FFF778FC07463846BDE8F08125
:10DEF00070B5044600250026D4F8C802F7F78DFE59
:10DF000005462846FFF768FC0646304670BD0146C8
:10DF100091F89C02042803D091F89C0281F89D029C
:10DF2000042081F89C02002070472DE9F047044648
:10DF30000D4616461F464FF00008C1463B46324686
:10DF40002946D4F8C802F7F77BF980464046FFF728
:10DF500043FC81464846BDE8F08770B505460E464D
:10DF6000344620782870641C20786870641C204631
:10DF7000FDF743F96880641C641C2046FDF73DF9F9
:10DF8000A880641C641C2046FDF737F9E88070BD4A
:10DF900038B504460D46002000900DB9032038BD69
:10DFA000C4F8B85204F52E70D4F8D41250F82100F9
:10DFB000C06A50B104F52E70D4F8D42250F8220073
:10DFC000C16A68468847C4F8D002D4F8D802401C19
:10DFD000C4F8D8020020E2E701460020704770B57F
:10DFE00004460D46A88810BBE88800BB68888028D6
:10DFF0001DD2A87800F07F0694F89C02032804D173
:10E0000029462046FFF7BBF915E084F89E623146A9
:10E010002046FFF70CFF2046FFF7EFF91EB1022064
:10E0200084F89C0207E0012084F89C0203E0294662
:10E030002046FFF7A4F970BD70B504460D460026D2
:10E04000D4F8B80230B1D4F8B802294602682046A4
:10E0500090470646304670BD70B504460E46002512
:10E06000B0783D49087008460078012805D9314646
:10E070002046FFF784F9032070BD94F89C02022823
:10E0800002D0032859D11FE033480078C0B132488C
:10E0900000786060304801782046FFF7CDFF0546E4
:10E0A0003DB131462046FFF76AF9022084F89C0210
:10E0B00009E02046FFF7A1F9032084F89C0202E062
:10E0C0002046FFF79AF943E02348007870B9022010
:10E0D00084F89C022048007860601F480178204640
:10E0E000FFF702F92046FFF788F925E01A49097879
:10E0F000606888421DD021792046FFF7F5F8164860
:10E1000000786060144801782046FFF795FF0546C7
:10E110005DB131462046FFF732F921792046FFF7FD
:10E12000E3F8022084F89C0206E02046FFF765F938
:10E1300002E02046FFF761F90AE031462046FFF78A
:10E140001EF9054801782046FFF7CEF8032500BFE9
:10E1500000BF284690E700002000002470B5054667
:10E160000C466088012805D1C5F8A4022846FFF7AF
:10E1700044F90EE06088022807D1A088001285F8D3
:10E18000A0022846FFF739F903E021462846FFF7A9
:10E19000F6F870BD10B504462046FFF7A9FE10BD85
:10E1A00070B504460D460026287800F0600088B15E
:10E1B000202802D0402842D100E000BF04F52E7094
:10E1C000D4F8D41250F8210029468268204690479E
:10E1D000064639E068780A282AD2DFE800F01A24D7
:10E1E000291F290A0529150F29462046FFF73DF961
:10E1F00023E029462046FFF7F2FE1EE0294620468E
:10E20000FFF72AFF064618E029462046FFF702F9E5
:10E2100013E029462046FFF77EFA0EE02946204605
:10E22000FFF79CFF09E029462046FFF76BF804E062
:10E2300029462046FFF7A3F800BF00BF04E02946A7
:10E240002046FFF79CF800BF00BF304670BD2DE9A7
:10E25000F04705460F464FF000093C79387800F04A
:10E260006000F8B1202802D040287DD100E000BF36
:10E2700021462846FFF765F80646FF2E11D086B9DD
:10E28000C5F8D46205F52E7050F82600806840B1BC
:10E2900005F52E7050F826003946826828469047CA
:10E2A000814610E1787800287AD001282FD0032801
:10E2B0006ED195F89C02022802D0032820D110E0EC
:10E2C00054B1802C08D021462846FFF7FEFD80215E
:10E2D0002846FFF7FAFD03E039462846FFF74FF8D6
:10E2E00013E0788840B93CB1802C05D0F88818B983
:10E2F00021462846FFF7E9FD2846FFF77EF804E0AF
:10E3000039462846FFF73BF800BF00BFD4E095F838
:10E310009C02022802D003283BD110E054B1802C8B
:10E3200008D021462846FFF7D0FD80212846FFF778
:10E33000CCFD03E039462846FFF721F82EE0788827
:10E3400020BB04F07F0018B121462846FFF7FFFAF2
:10E350002846FFF752F821462846FEF7F2FF064608
:10E36000FF2E13D096B900E0A8E0C5F8D46205F5F9
:10E370002E7050F82600806840B105F52E7050F8D8
:10E3800026003946826828469047814606E007E025
:10E390008DE039462846FEF7F2FF00BF00BF8BE054
:10E3A00095F89C02022802D0032879D126E034B1E6
:10E3B000802C04D039462846FEF7E1FF75E004F0D2
:10E3C0008000802808D104F07F0000EB800105F177
:10E3D000140000EB810007E004F07F0000EB8001F7
:10E3E00005F5AA7000EB810080460020C8F8000007
:10E3F000022241462846FEF7EFFF56E004F0800077
:10E4000080280ED104F00F0000EB800105F114000C
:10E4100000EB8100008A98B939462846FEF7AFFF25
:10E4200043E004F00F0000EB800105F5AA7000EB5B
:10E430008100008A20B939462846FEF7A0FF34E063
:10E4400004F08000802808D104F07F0000EB8001F8
:10E4500005F1140000EB810007E004F07F0000EB01
:10E46000800105F5AA7000EB810080460CB1802C7C
:10E4700003D10020C8F800000CE021462846FFF731
:10E48000E9FB20B10120C8F8000003E008E000200B
:10E49000C8F80000022241462846FEF79DFF04E02E
:10E4A00039462846FEF76BFF00BF00BF04E039463F
:10E4B0002846FEF764FF00BF00BF04E03946284647
:10E4C000FEF75DFF00BF00BF4846BDE8F0872DE9BD
:10E4D000F04105460E460027307800F0600030B16C
:10E4E000202802D0402840D100E000BF00BF95F8AE
:10E4F0009C02012804D0022803D003282ED101E079
:10E5000000BF00BF3079012823D831792846FEF7B3
:10E510001BFF0446FF2C14D09CB905F52E7050F853
:10E520002400806858B1C5F8D44205F52E7050F823
:10E5300024003146826828469047074602E00327B8
:10E5400000E00327F08840B93FB92846FEF755FFA1
:10E5500003E031462846FEF712FF04E03146284624
:10E56000FEF70DFF00BF00BF04E031462846FEF76E
:10E5700006FF00BF00BF3846BDE8F08170470000CD
:10E5800001460148704700002827002470B5044662
:10E590000B4622461978587801282CD140F61C00E9
:10E5A00080581D7805F00F060125B540ADB228430F
:10E5B00040F61C05A85002F5106000EB4110006801
:10E5C00000F40040F0BB1889C0F30A001D7940EA4E
:10E5D000854040EA815040F0805040F4004002F510
:10E5E000106505EB41152D68284302F5106505EB14
:10E5F000411528602DE040F61C0080581D7805F07C
:10E600000F060125B540144E06EA0545284340F69D
:10E610001C05A85002F5306000EB4110006800F4C2
:10E62000004078B91889C0F30A001D7940EA854096
:10E6300040F0805040F4004002F5306505EB411594
:10E640002D6800E005E0284302F5306505EB411533
:10E650002860002070BD00000000FFFF01460A4650
:10E660004FF410608058C30ADB024FF410608350EF
:10E6700040F60400805840F4807340F60400835054
:10E68000002070470FB470B504469DF819000128AA
:10E6900018D1A06B20F48030A063E0681F490840C7
:10E6A000E060E06820F44010E0609DF82000012860
:10E6B00003D1E06840F48010E060204600F032F8BA
:10E6C000054613E0E06840F04000E060204600F0BE
:10E6D00029F805469DF81D0020B9A06B40F4803054
:10E6E000A06303E0A06B20F48030A0639DF81600C7
:10E6F00001280ED1E06D80B2E065E06D0849084365
:10E70000E065A06840F00600A060A06840F020002E
:10E71000A060284670BC5DF814FB0000BFFFBDFF81
:10E720000000EE0308B501460020009000BF0098ED
:10E73000401C00900098B0F1706F01D9032008BD13
:10E74000086900F000400028F1D00020009008691E
:10E7500040F00100086100BF0098401C0090009844
:10E76000B0F1706F01D90320E9E7086900F00100FA
:10E770000028F1D100BFE2E770B504460B462246FF
:10E7800019785878012848D102F5106000EB411043
:10E79000006800F00040B0F1004F17D102F51060A2
:10E7A00000EB4110006840F0006502F5106000EBDE
:10E7B0004110056002F5106000EB4110006840F068
:10E7C000804502F5106000EB4110056040F63C000A
:10E7D00080581D7805F00F060125B540ADB2A8435D
:10E7E00040F63C05A85040F61C0080581D7805F006
:10E7F0000F060125B540ADB2A84340F61C05A85050
:10E8000002F5106000EB411000682B4D284002F526
:10E81000106505EB411528604BE002F5306000EB18
:10E820004110006800F00040B0F1004F17D102F530
:10E83000306000EB4110006840F0006502F5306088
:10E8400000EB4110056002F5306000EB41100068FC
:10E8500040F0804502F5306000EB4110056040F665
:10E860003C0080581D7805F00F060125B540134E79
:10E8700006EA0545A84340F63C05A85040F61C00B2
:10E880008558187800F00F060120B0400B4E06EABC
:10E890000040854340F61C00855002F5306000EBD7
:10E8A00041100068064D284002F5306505EB411522
:10E8B0002860002070BD0000007833EC0000FFFFEE
:10E8C0000078F3EF01460A46D2F8000E20F003006C
:10E8D000C2F8000E40F60400805820F0020340F613
:10E8E000040083500020704701460A46D2F8000E0B
:10E8F00020F00300C2F8000E40F60400805840F0FB
:10E90000020340F604008350002070470FB4F0B5B6
:10E91000054600272E46002405E0002105F58270FB
:10E9200040F82410641C0F2CF7D39DF82200A0B9E6
:10E9300040F60400805940F0020140F60400815185
:10E94000A86B20F40010A863286840F040002860FD
:10E95000286840F08000286003E0A86B40F40010B5
:10E96000A8630020C6F8000E9DF81D0001280CD1F8
:10E970009DF81B0020B90021284600F004FD08E0A6
:10E980000121284600F0FFFC03E00321284600F0A7
:10E99000FAFC1021284600F0FCFB00B101272846B4
:10E9A00000F0CFFB00B1012700214FF4016081513D
:10E9B000001D815140F61C00815100242EE006F517
:10E9C000106000EB4410006800F00040B0F1004F10
:10E9D00010D13CB94FF0006106F5106000EB441017
:10E9E00001600DE04FF0904106F5106000EB44101F
:10E9F000016005E0002106F5106000EB44100160A5
:10EA0000002106F5106000EB441001614FF67F31E4
:10EA100006F5106000EB44108160641C9DF818003E
:10EA2000A042CCD800242EE006F5306000EB441064
:10EA3000006800F00040B0F1004F10D13CB94FF039
:10EA4000006106F5306000EB441001600DE04FF00E
:10EA5000904106F5306000EB4410016005E00021B4
:10EA600006F5306000EB44100160002106F53060CF
:10EA700000EB441001614FF67F3106F5306000EB8A
:10EA800044108160641C9DF81800A042CCD84FF45B
:10EA90000160805920F480714FF4016081510020A1
:10EAA000A8616FF0804068619DF81A0018B9A869E4
:10EAB00040F01000A861A8690A490843A8619DF8C0
:10EAC0001E0018B1A86940F00800A8619DF8220056
:10EAD000012803D1A86904490843A8613846F0BC5D
:10EAE0005DF814FB00383C80040000400146886853
:10EAF00020F00100886000207047000070B50346D8
:10EB00000C4619461D6C1848854209D94FF43060EF
:10EB1000405800F00040B0F1004F01D1002070BD1E
:10EB20000026C1F8106BD1F8100B40F40026C1F894
:10EB3000106BD1F8100B40F01806C1F8106BD1F82B
:10EB4000100B40F0C046C1F8106B012C09D1C1F880
:10EB5000142B4FF43060405840F080264FF4306062
:10EB600046500020DBE700000A30544F30B5044621
:10EB70000B4622461978587801281ED102F51060FC
:10EB800000EB4110006820F4001502F5106000EB66
:10EB9000411005601879032802D0187902282AD17B
:10EBA00002F5106000EB4110006840F0805502F55E
:10EBB000106000EB411005601DE002F5306000EBD5
:10EBC0004110006820F4001502F5306000EB4110A0
:10EBD00005601879032802D0187902280BD102F5B4
:10EBE000306000EB4110006840F0805502F5306065
:10EBF00000EB41100560002030BD30B504460B46E7
:10EC0000224619785878012821D102F5106000EBCE
:10EC10004110006800F0004060B959B102F5106081
:10EC200000EB4110006820F0804502F5106000EB19
:10EC30004110056002F5106000EB4110006840F4DF
:10EC4000001502F5106000EB4110056020E002F5B0
:10EC5000306000EB4110006800F0004060B959B12D
:10EC600002F5306000EB4110006820F0804502F5AD
:10EC7000306000EB4110056002F5306000EB4110A0
:10EC8000006840F4001502F5306000EB41100560AB
:10EC9000002030BD2DE9F84381460E4617464D460B
:10ECA0003478707801287DD1306920BB05F510607B
:10ECB00000EB44100069E349084005F5106101EBE1
:10ECC0004411086105F5106000EB4410006940F440
:10ECD000002105F5106000EB4410016105F510609E
:10ECE00000EB44100069C10CC90405F5106000EB8D
:10ECF000441001616BE005F5106000EB4410006901
:10ED0000C10CC90405F5106000EB4410016105F564
:10ED1000106000EB44100069CA49084005F5106115
:10ED200001EB4411086194B9B1683069884201D996
:10ED3000B068306105F5106000EB4410006940F4E4
:10ED4000002105F5106000EB4410016114E0B1688A
:10ED500030690844401EB0FBF1F0BA49C94301EAEA
:10ED6000C04005F5106101EB44110969084305F540
:10ED7000106101EB4411086105F5106000EB4410CF
:10ED800000693169C1F31201084305F5106101EB17
:10ED9000441108613079012819D105F5106000EBA4
:10EDA000441000E093E0006920F0C04105F51060D8
:10EDB00000EB4410016105F5106000EB44100069A0
:10EDC00040F0005105F5106000EB44100161012F87
:10EDD00036D1F06928B105F5106000EB4410F169F7
:10EDE0004161307901281ED140F60800405900F4F5
:10EDF000807060B905F5106000EB4410006840F0C9
:10EE0000005105F5106000EB441001600BE005F5C2
:10EE1000106000EB4410006840F0805105F5106070
:10EE200000EB4410016005F5106000EB4410006831
:10EE300040F0044105F5106000EB44100160FEE075
:10EE400005F5106000EB4410006840F0044105F542
:10EE5000106000EB44100160307901280FD0306958
:10EE60000028ECD040F634004059317801F00F0210
:10EE700001219140084340F634014851DFE040F65B
:10EE80000800405900F4807060B905F5106000EB8F
:10EE90004410006840F0005105F5106000EB44108C
:10EEA00001600BE005F5106000EB4410006840F0D5
:10EEB000805105F5106000EB441001600097308A26
:10EEC00083B232784846F16800F0DAFAB7E005F527
:10EED000306000EB44100069C10CC90405F53060D6
:10EEE00000EB4410016105F5306000EB441000694F
:10EEF0005449084005F5306101EB4411086104BB39
:10EF0000306908B1B0683061B068306205F53060D2
:10EF100000EB44100069316AC1F31201084305F5A2
:10EF2000306101EB4411086105F5306000EB4410DD
:10EF3000006940F4002105F5306000EB44100161E8
:10EF400045E03069D0B905F5306000EB4410006948
:10EF5000B168C1F31201084305F5306101EB4411BA
:10EF6000086105F5306000EB4410006940F40021B1
:10EF700005F5306000EB4410016128E0B1683069AC
:10EF80000844401EB0FBF1F01FFA80F8B06800FBA7
:10EF900008F0306205F5306000EB44100069294943
:10EFA000C94301EAC841084305F5306101EB44114A
:10EFB000086105F5306000EB44100069316AC1F367
:10EFC0001201084305F5306101EB44110861012F7E
:10EFD00007D1F06828B105F5306000EB4410F16806
:10EFE0004161307901281ED140F60800405900F4F3
:10EFF000807060B905F5306000EB4410006840F0A7
:10F00000005105F5306000EB441001600BE005F5A0
:10F01000306000EB4410006840F0805105F530602E
:10F0200000EB4410016005F5306000EB441000680F
:10F0300040F0044105F5306000EB44100160002011
:10F04000BDE8F883FFFF07E078B50346002400948D
:10F0500000201A464C78012C35D10C7802F5106549
:10F0600005EB4414246804F00044B4F1004F60D16F
:10F070000C7805EB4414246844F000660C7805EB2A
:10F08000441426600C7805EB4414246844F0804650
:10F090000C7805EB4414266000BF009C641C0094AF
:10F0A00042F21075009CAC4201D901200AE00C78B4
:10F0B00002F5106505EB4414246804F00044B4F133
:10F0C000004FEAD035E00C7802F5306505EB4414CA
:10F0D000246804F00044B4F1004F2AD10C7805EB09
:10F0E0004414246844F000660C7805EB4414266050
:10F0F0000C7805EB4414246844F080460C7805EB4A
:10F100004414266000BF009C641C009442F21075F9
:10F11000009CAC4201D901200AE00C7802F5306570
:10F1200005EB4414246804F00044B4F1004FEAD025
:10F1300000BF78BD0146886840F00100886000206B
:10F14000704708B501460020009000BF0098401CA1
:10F1500000900098B0F1706F01D9032008BD0869D4
:10F1600000F000400028F1D000200090102008613D
:10F1700000BF0098401C00900098B0F1706F01D95A
:10F180000320EBE7086900F010001028F1D0002000
:10F19000E4E708B502460020009000BF0098401C3C
:10F1A00000900098B0F1706F01D9032008BD10697C
:10F1B00000F000400028F1D000200090202040EA1C
:10F1C0008110106100BF0098401C00900098B0F1C1
:10F1D000706F01D90320E9E7106900F020002028B2
:10F1E000F1D00020E2E710B501460B4640F60804D6
:10F1F000E45804F006020AB9002006E0022A01D011
:10F20000062A01D1022000E00F2010BD0146486906
:10F2100000F00100704701460B4640F61800C25846
:10F22000001DC058024090B2704701460B4640F6A0
:10F230001800C258001DC0580240100C704770B52D
:10F24000024613464FF40166F45840F63406F5586A
:10F2500001F00F0625FA06F606F0010644EAC61488
:10F2600003F5106606EB4116B66806EA040070BDA9
:10F2700010B50246134603F5306404EB4114A06850
:10F2800040F61404E458204010BD014648698A69DC
:10F29000104070472DE9F04104460D4627462846A8
:10F2A0004FEA920C02F0030300210AE04FF4805869
:10F2B00058F80780C0F80080401C401C401C401CCF
:10F2C000491C6145F2D39BB100214FF4805858F896
:10F2D000076000BF4FEAC10826FA08F880F80080EE
:10F2E000491C401CA3F101081FFA88F3002BF1D13F
:10F2F000BDE8F08170B504460E460025E06820F0B8
:10F30000C040E060012E10D1E06840F00050E060A5
:10F3100000BF0A20F4F7C8FC0A352046FFF776FF45
:10F32000012815D0C82DF4D312E07EB9E06840F072
:10F330008040E06000BF0A20F4F7B6FC0A352046A2
:10F34000FFF764FF20B1C82DF5D301E0012070BDA7
:10F35000C82D01D10120FAE70020F8E710B50246D8
:10F360000B461146D1F8000820F4FE60C1F80008F1
:10F37000D1F800084FF4FE6404EA03142043C1F8F6
:10F380000008002010BD02461346D3F800080843C9
:10F39000C3F800080020704730B503461446022C1D
:10F3A00049D12D48814204D32C48814201D20F22F9
:10F3B00045E02A48814204D32948814201D20E22E5
:10F3C0003DE02748814204D32648814201D20D22E4
:10F3D00035E02448814204D32348814201D20C22E3
:10F3E0002DE02148814204D32048814201D20B22E2
:10F3F00025E01E48814204D31D48814201D20A22E1
:10F400001DE01B48814204D31A48814201D20922DF
:10F4100015E01848814204D31748814201D20822DE
:10F420000DE01548814204D31448814201D20722DD
:10F4300005E0062203E00CB9092200E00922D868A1
:10F4400020F47050D860D8684FF4705505EA8225D2
:10F450002843D860002030BDC0ACD800C0E1E40033
:10F460000024F40080730601A0491A01002D310127
:10F4700040A44C0100366E0120ABA6010048E80113
:10F480002DE9F04304460D461E46DDF81CC0A0469B
:10F490002946BCF1000F12D1F01C870800230CE0B4
:10F4A000D1F8009008F5805000EB0230C0F80090D1
:10F4B000491C491C491C491C5B1CBB42F0D3002061
:10F4C000BDE8F08300BFFEE710B5FF220449054800
:10F4D000F9F775FB00210448F9F78CFA10BD00001C
:10F4E0005C0C002058090024F40300200B4890F81D
:10F4F00024005A2802D078280CD105E040F65200AA
:10F5000007490968486306E040F62820044909686D
:10F51000486300E000BF00BF70470000980B002068
:10F52000F403002070B505460C4600260DB1022CF0
:10F5300001D8002070BDA11E094802882846F2F7B4
:10F5400091FB0646F1B2A01E285C814206D1601EE6
:10F55000285CB0EB162F01D10120EBE70020E9E792
:10F56000F000002470B505460C4600260DB1022CB3
:10F5700001DC002070BD601E81B2FF222846F2F738
:10F580008BFB0646601E285CB04201D10120F1E7EA
:10F590000020EFE703B401984100009850EAC12031
:10F5A00018BF04204A0D18BF40F0010040F2FF725E
:10F5B000B2EB515F08BF40F00200012808BF0520F0
:10F5C00002B0704702480068C0F302207047000094
:10F5D0000CED00E010B5002804DB0A07130E054A05
:10F5E000135406E00A07140E034A00F00F031B1F12
:10F5F000D45410BD00E400E018ED00E0000000006D
:10F6000070B56B482DED020B2DED0A8B82B00D9D70
:10F6100025F000449FED68BB9FED699B84422EDB83
:10F62000A4F140510C98A1F17F6108430FD06648C6
:10F63000844202DC18D10C98B0B19DED0C0B02B0E5
:10F64000BDEC0A8B02B0BDE8704001F0B5BA9DED8B
:10F650000C0B9DED0C1B20EE0B0B01EE090B02B009
:10F66000BDEC0A8B02B070BD0120F0F7FBFF02B0C9
:10F67000BDEC0A8B02B0BDE8704001F0A5BA53485A
:10F680009FED538B844230DA9DED0C0BB4F1795F22
:10F690000ADA51EC100BFFF77DFF042808BF01F0D8
:10F6A000ABFA9DED0C0BDAE720EE009B4A480621F1
:10F6B000B0EE490B784401F0E3F920EE09AB47487E
:10F6C000B0EE490B0421784401F0DAF909EE008B21
:10F6D0008AEE080B8DED000B9DED0C0B9DED0C1BC8
:10F6E0009DED002B01EE020BB9E79DED0C0B51ECEB
:10F6F000100B03F096F941EC100B9FED391B3A48C3
:10F7000038EE400B06218DED000B20EE01ABB0EE84
:10F710004A0B784401F0B4F920EE0ACB3348B0EE3E
:10F720004A0B0421784401F0ABF90AEE008B51EC4E
:10F730001A0B06F0F9FA41EC110B2D489FED2E2B18
:10F74000A0420EDC8CEE080B8DED000B9DED003B16
:10F75000B0EE410B01EE030B10EE029B3BEE490BAA
:10F7600021E08DED001B002000909DED000B9DED34
:10F77000003B00EE43AB31EE000B21EE021B8AEEA4
:10F78000003B8CEE080B03EE429B9DED003B11EE1F
:10F79000009B9FED1B1BB0EE410B03EE420B39EEBD
:10F7A000400B31EE400B002DD8BFB1EE400B56E7B9
:10F7B0000000F03F00000000182D4454FB21F93FE9
:10F7C000075C143326A6913C0000F07F0000E03F68
:10F7D000000000000000F03F507B00006E7B000046
:10F7E000000000000000E03FF27A0000107B000003
:10F7F0003333EF3F00000000000000000000004035
:10F80000182D4454FB21E93F70B565482DED020BDE
:10F810002DED048B059D25F00044A04218DC6148C5
:10F82000844202DC0AD1049840B19DED040BBDEC8A
:10F83000048B02B0BDE8704001F0BEB9002DCCBF12
:10F840009FED590B9FED5A0BBDEC048B02B070BDC0
:10F850005948A04215DD5948A042D8BF4FF0FF34A7
:10F8600055DD9DED040B51EC100BFFF793FE0428C2
:10F8700008BF01F0C1F99DED040BBDEC048B02B093
:10F8800070BD9DED040B51EC100B03F0CAF8CDE9EF
:10F8900004014B489FED4C0BA0421CDD4C48A0429C
:10F8A0000BDD9DED042B00249FED4B1B12EE010B95
:10F8B00032EE011B80EE012B27E09DED041B9DED38
:10F8C000042B012431EE401B32EE000B81EE002BA5
:10F8D0008DED042B1BE04248A0420FDD9DED042B73
:10F8E00002249FED411B9DED043B32EE412B03EEC4
:10F8F000010B82EE001B8DED041B08E09DED040B57
:10F900009FED3B1B032481EE002B8DED042B9DED21
:10F91000040B3948062120EE009B29EE098BB0EE3E
:10F92000480B784401F0ACF820EE099B3348B0EE68
:10F93000480B0521784401F0A3F820EE080B002CB9
:10F940000BDA9DED042B39EE001B9DED040BBDEC95
:10F95000048B02B002EE410B70BD2948784439EEA9
:10F96000000B00EBC4009DED042B90ED001B25481F
:10F9700012EE001B9DED040B31EE400B784400EBC2
:10F98000C400002D90ED001B31EE400BB8BFB1EE6E
:10F99000400BBDEC048B02B070BD00000000000005
:10F9A000000010440000F07F182D4454FB21F93F63
:10F9B000182D4454FB21F9BF0000DC3F0000203E1D
:10F9C0000000F33F00000000000000000000F03FD6
:10F9D0000000E63F000000000000000000000040C2
:10F9E0000080034000000000000000000000F83F1D
:10F9F000000000000000F0BF227A0000E87900005B
:10FA0000A07900006079000070B5614E2DED040B07
:10FA10002DED048B82B0DDF824C0DDE907235C42C4
:10FA20002CF000411C4341EAD474069D22F00040B2
:10FA3000B44205D86C422C4340EAD474B4420BD98A
:10FA40009DED081B9DED060B02B0BDEC048B04B0D0
:10FA5000BDE8704001F0B3B8ACF14054A4F17F644C
:10FA60001C430BD0022404EAAC7444EAD27405436C
:10FA70009FED498B9FED4A2B0DD016E09DED060BB7
:10FA800051EC100B01F076F941EC100B02B0BDEC1B
:10FA9000048B04B070BD002C14BF012C9DED060B2F
:10FAA000F4D0022C2ED0032C2FD00B439FED3E1B05
:10FAB0009FED3F0B0AD0B1421DD1B04209D121F0D8
:10FAC000804120F080400991079014E0002ADDDA9F
:10FAD00015E0394B7B44002C08BF93ED000BD5D0CB
:10FAE000012C04BF93ED000BB1EE400BCED0022CE5
:10FAF00008D0032C09D0B0420AD1002AC6DAB0EEF1
:10FB0000410BC3E7B0EE480BC0E7B0EE420BBDE7D8
:10FB1000401A00159FED2A9B3C28C8BF8DED000BB5
:10FB200015DCBCF1000FBCBF10F13C0F8DED009B4C
:10FB30000DDB9DED061B9DED082B81EE020B51ECBC
:10FB4000100B02F06EFF01F015F9CDE9000194B140
:10FB5000012C0CD09DED001B9FED1B0B022C31EEF8
:10FB6000400B0CBF38EE400B30EE480B8EE701988F
:10FB700080F0004001909DED000BB4EE490BF1EEDA
:10FB800010FA04BF0220F0F76DFD9DED000B7DE73C
:10FB90000000F07F00000000182D4454FB210940B4
:10FBA000182D4454FB2109C0182D4454FB21F9BFE2
:10FBB000182D4454FB21F93FD078000000000000CC
:10FBC0000000000000000000075C143326A6A13CE2
:10FBD00010B529499FED261B2DED020B84B0059829
:10FBE00020F000408842D8BF9DED040B2DDD234955
:10FBF000884209D1049840B94FF00100F0F732FD76
:10FC000000F0E2FF06B010BD05DB9DED040B30EE09
:10FC1000000B06B010BD68469DED040B00F038FDEA
:10FC200010F0030004BF9DED021B9DED000B0CD0F6
:10FC300001280ED09DED021B9DED000B022810D077
:10FC4000012000F055FF06B010BD00F0A9FE06B07F
:10FC500010BD9DED021B9DED000B012000F048FF43
:10FC600001E000F09DFE06B0B1EE400B10BD0000BB
:10FC70000000000000000000FB21E93F0000F07FD1
:10FC80002DE9F04D2DED040B2DED0A8B9AB0DDE939
:10FC90002550279CDDF890A025F0004624F0004870
:10FCA000BAF1000F14BF0121002101EB4502F84910
:10FCB00053184A1093422AD3002814BF012300236B
:10FCC00003EB44030B44F3498B4220D358EA000171
:10FCD0009FEDF19B72D0DFF8C8B35D4503D1BAF157
:10FCE000000F05D184E0BAF1000F08BF002100D059
:10FCF000012101EB450111F5001F08D8002814BFB0
:10FD00000121002101EB440111F5001F0BD99DEDEC
:10FD1000261B9DED240B1AB0BDEC0A8B04B0BDE888
:10FD2000F04D00F04CBF0027002DBCBFDD498845D9
:10FD300021DADD498845A8BF02271CDAC3451ADC51
:10FD4000DA4901EB2851142908DDC1F1340220FA07
:10FD500002F101FA02F282420DD108E058B9C1F174
:10FD6000140228FA02F101FA02F2424503D101F02D
:10FD70000101C1F1020756EA0A0120D1002C1EDA66
:10FD8000002D18BF022F01D0012F0AD00220F0F75A
:10FD900069FC1AB0BDEC0A8B04B0BDE8F04D00F070
:10FDA000FBBE0220F0F75EFC00F0F6FEB1EE400B69
:10FDB0001AB0BDEC0A8B04B0BDE8F08D18E09FEDE1
:10FDC000BCAB9FEDBD8B00287DD1B64880451CD1D2
:10FDD00005F1804010F5801008BFBAF1000F07D080
:10FDE000B34508DC002CA8BF9DED260BE0DA07E048
:10FDF000B0EE490BDCE7002CB8BF9DED260BD5DB40
:10FE0000AF48784490ED000BD2E7D84548D1002C9C
:10FE100043DA2EB186423AD1BAF1000F3DD126E045
:10FE2000BAF1000F13D00220F0F71CFC00F0D8FE4E
:10FE30008DED020B9DED240B8DED000B10EE900A65
:10FE4000039961F31E0003909DED020BB0E78DED69
:10FE500002AB9DED240B1AEE901A10EE900A8DED78
:10FE6000000B61F31E0003909DED020BA0E78DEDEA
:10FE7000028B9DED240B18EE901A10EE900A8DED7A
:10FE8000000B61F31E0003909DED020B90E704DA76
:10FE90009DED241B89EE010B8AE79DED240B87E77E
:10FEA00086421ADAB4F1804F04BF9DED240B20EE98
:10FEB000000B3FF47DAFA4F10050B0F1FF500CD126
:10FEC000002D0ADB00E008E09DED240B51EC100B47
:10FED00005F02AFF41EC100B6AE79DED240B51EC75
:10FEE000100B02F09EFDBAF1000FCDE90E0140D1DA
:10FEF0009FED750B46B3A6F1E040B0F17F600ED0E8
:10FF00005E4536D1002D00DA97B3022F0CBF0120D9
:10FF10004FF0FF3000EE100AB8EEC00B48E7002D9E
:10FF200001DD002C0DDA002D01DD002C1DDB002D84
:10FF300014DA002C12DB012F08BF9FED650B3FF494
:10FF400037AFB0EE4A0B33E7022F18BF002D0CD0AD
:10FF5000012F0AD1002DFFF62BAF06E0002DB8BF10
:10FF6000002C06DA012F3FF423AFB0EE480B1FE759
:10FF700019E0012000EBE57050EA070113D0791E6B
:10FF8000B0EE498B084308BF9FED538B54480025C2
:10FF900080457ADD53495448884514DDB0420DDB75
:10FFA000002C19DB2CE00120F0F75CFB1AB0BDEC53
:10FFB0000A8B04B0BDE8F04D00F006BEB34502DC8C
:10FFC000002C09DC1CE0864202DA002C18DA03E07F
:10FFD0005E4528DD002C13DD0220F0F743FB00F026
:10FFE000FFFD8DED020B28EE0A0B8DED000B10EEE0
:10FFF000900A039961F31E0003909DED020BD7E672
:020000040801F1
:100000000220F0F72FFB00F0F7FD10EE901A18EE2B
:10001000900A8DED020B8DED008B61F31E000390B5
:100020009DED020BC4E69DED0E0B9FED313B30EED6
:10003000490B8DED040B20EE002B9DED041B9FED75
:100040002E0B01EE430B9DED043B9FED2D1B03EEAC
:10005000401B9DED040B9FED2E3B22EE012B9FEDEF
:100060002A1B20EE011B20EE030B9FED2B3B02EE23
:10007000430B31EE002B8DED022B02959DED022BF3
:1000800032EE411B30EE411B21E149E0000000004F
:10009000FFFF1F00FFFF0F00000000000000F03F07
:1000A0000000F03F0000F07F0000404301FCFFFF34
:1000B000000000000000F07F0000000000000000D1
:1000C000A275000000000000000000000000008099
:1000D000000000000000F0FF000000000000F0BF82
:1000E0000000E0410000F043FFFFEF3F0000000090
:1000F000000000000000D03F555555555555D53FDF
:10010000000000000000E03F000000604715F73FDE
:1001100044DF5DF80BAE543EFE822B654715F73F7A
:100120000020B6F5801F0BDA9DED0E0B9FEDEC1B4A
:100130006FF0340020EE010B10EE906A8DED0E0B87
:10014000E94A00EB2650C6F31301A0F2FF3741F055
:100150007F6040F040509142D8BF002408DDE34A60
:100160008A42C8BF012403DC0024A0F580107F1C54
:10017000DF49794401EBC4010F9091ED001B9DED27
:100180000E2B9DED0E0BDB4931EE023B30EE410BA9
:1001900089EE032B20EE02AB8DED02AB7944029584
:1001A00091ED003B4FF0005141EA600000EB8440CC
:1001B0008DED043B00F5002005909DED043B9DED89
:1001C000044B2AEE0ACB33EE411B9DED0E3BCA4891
:1001D000062133EE411B9DED023B03EE440B03EE83
:1001E000410B20EE02BBB0EE4C0B784400F048FC13
:1001F0002CEE0C1B20EE010B9DED021B31EE0A1BB9
:100200000BEE010B9DED021B21EE011B9FEDBC2BA4
:1002100031EE023B33EE003B8DED043B04959DED4A
:10022000043B33EE422B32EE411B30EE412B9DED71
:10023000020B9DED041B20EE011B9DED040B2BEE2C
:10024000000B02EE0A0B31EE002B8DED022B029516
:100250009DED022B32EE411B30EE410B9DED021B5A
:100260009FEDA92B21EE021B9DED022B9FEDA83BDC
:1002700022EE032B9FEDA83BA94800EE032B784408
:1002800000EBC40090ED000BA64832EE000B02EE2E
:10029000107AB8EEC22B8DED042B31EE003B784482
:1002A00000EBC4009DED044B90ED002B33EE023BC0
:1002B00033EE043B8DED023B02959DED023B33EEA8
:1002C000443B33EE422B32EE411B30EE411B9DEDA1
:1002D000260B954A8DED000B00959DED260B9DEDAF
:1002E000002B30EE420B9DED022B20EE020B9DED1C
:1002F000262B02EE010B9DED001B9DED022B21EE46
:10030000021B8DED021B30EE011B11EE900A11EE67
:10031000101A8DED001B904224DB821A11430ED17E
:100320009FED831B9DED002B9DED023B30EE011BED
:1003300032EE432BB4EEC21BF1EE10FA26DD0220A2
:10034000F0F790F900F04CFC10EE901A18EE900ABD
:100350008DED020B8DED008B61F31E0003909DED82
:10036000020B25E5744B20F000429A420ED3734AEB
:10037000024411437FF444AE9DED022B31EE421B4B
:10038000B4EEC01BF1EE10FABFF63AAE20F0004119
:100390006B4A6C4B002402EB21529942D8BF9DED71
:1003A000021B27DD511C4FF4801222FA01F1014497
:1003B000654BC1F30A527B44A2F2FF3293ED001B5E
:1003C000624B8DED041BD34021EA0303C1F31301FB
:1003D00041F48011C2F1140221FA02F405930028BD
:1003E000B8BF64429DED021B9DED042B31EE421B14
:1003F0008DED021B30EE011B8DED041B04959DED70
:10040000041B9FED532B9DED023B21EE021B9DED46
:10041000042B32EE432B30EE420B9FED4F2B20EEA0
:10042000020B9DED042B9FED4E3B4F48052102EE44
:10043000030B31EE002B8DED002B32EE411B30EE25
:1004400041AB9DED000B20EE000B8DED040B7844CD
:1004500000F016FB9DED001B9DED042B02EE401BF2
:100460008DED021B9DED000B20EE010B9FED402B4F
:1004700031EE422B80EE021B9DED002BB0EE4A0BBD
:1004800002EE0A0B31EE400B9DED001B30EE410BEE
:1004900039EE400B10EE900A8DED000B00EB04508E
:1004A00001150029C8BF019013DC224651EC100B46
:1004B00006F031FCFFF76EF8042808BF00F09CFB43
:1004C00022469DED000B51EC100B06F024FCCDE90B
:1004D00000019DED000B28EE000B69E40000000018
:1004E00000000000000040438E9803007AB60B0025
:1004F000E2700000087200009A7000000000000026
:100500000000000000000840000000E009C7EE3FC6
:10051000F5015B14E02F3EBEFD033ADC09C7EE3F58
:10052000F66F0000C66F0000000090400000000061
:10053000FE822B654715973C00CC904000346F3FFE
:1005400001FCFFFF0000E03FEE6F0000FFFF0F0027
:1005500000000000432EE63FEF39FAFE422EE63F50
:10056000396CA80C615C20BE666E000000000000C3
:10057000000000000000004010B529499FED261B37
:100580002DED020B84B0059820F000408842DCBFBE
:1005900000209DED040B2EDD2249884209D10498EC
:1005A00040B94FF00100F0F75DF800F00DFB06B028
:1005B00010BD05DB9DED040B30EE000B06B010BD49
:1005C00068469DED040B00F063F810F003000DD0B9
:1005D000012814D09DED021B9DED000B022816D0C2
:1005E00000F0DEF906B0B1EE400B10BD9DED021B30
:1005F0009DED000B012000F07BFA06B010BD9DEDD3
:10060000021B9DED000B00F0CBF906B010BD0120E0
:1006100000F06EFAE6E700000000000000000000B5
:10062000FB21E93F0000F07F00B52DED028BB1EE1C
:10063000C08B83B018EE100A18EE901A8DED008B67
:10064000002818BF0120084320F00040C0F17F605F
:1006500000F1E040C00F14D010EE101A10EE900A16
:100660008DED000B002918BF0121084320F0004048
:10067000C0F17F6000F1E040C00F04BF0120EFF740
:10068000F1FFB0EE480B03B0BDEC028B00BD0000E3
:100690002DE9F14F04462DED020B2DED048B94B0A6
:1006A0009FED9D0B80ED020B199E9D4826F00045A5
:1006B00085420ADC9DED180B002084ED000B14B080
:1006C000BDEC048B03B0BDE8F08F96489FED969B80
:1006D0009FED978BA84225DD97489FED991B9FEDD5
:1006E0009A2B9DED180B002E0DDD30EE490B854247
:1006F00012BF30EE480B30EE410B30EE420B84ED72
:10070000000B0120DBE730EE090B854212BF30EE13
:10071000080B30EE010B30EE020B84ED000B4FF0B6
:10072000FF30CCE78A48A84253DB9DED180B51EC13
:10073000100B02F076F941EC100BB0EE401B9FED70
:10074000862B9FED870B290DDFF81CC201EE020BF3
:100750000120FDEEC00B10EE903A00EE903AB8EE9C
:10076000E02BB0EE410B02EE490B22EE081BFC44DD
:10077000032830EE411B84ED001B1DD011EE902AA2
:1007800000EB4015113DC2F30A528A1A954213DA62
:100790000CEB0012B0EE403B92ED000B401C20EE43
:1007A000021B33EE410B33EE403B33EE411B92ED27
:1007B000023B12EE031BDBE7002EA8BF1846BFF674
:1007C0007EAF94ED000B5842B1EE400B84ED000B70
:1007D00075E7C6F3130040F4801EC6F30A50A0F27A
:1007E000F530471100F01F05C5F12000DDF860B0BD
:1007F000139000200890099005200DF1080C5B492A
:10080000002D07EB0002794408BF51F8221009D0EF
:1008100051F8223001EB8201AB404A68139922FA69
:1008200001F11943A1FB0E26A1FB0B131A449A42B6
:1008300034BF0123002303EB06080CEB8003D3E94C
:1008400001A60E448E4234BF0121002192448A4405
:1008500011B1924502D903E0924501D2012100E095
:100860000021C3E901A641444CF82010011EA0F16B
:100870000100C4DC04989DED050A00F10050810FD1
:1008800004989FED3B4B800001EE100ADDED060A57
:100890009DED072AB8EEC13BB8EE401BB8EE600BE9
:1008A000B8EE422B002021EE041B9FED334B20EECF
:1008B000040B9FED334B22EE042B30EE024B34EE53
:1008C000014B34EE034B8DED004B00909DED004B42
:1008D000199834EE433B10F0004F33EE411B31EEDC
:1008E000400B32EE401B9DED000B9FED272B20EEC1
:1008F000020B9FED272B01EE020B9DED001B9FEDE0
:10090000262B01EE020B1CBF4942B1EE400B84EDD9
:10091000000B0846D3E600000000000000000000C5
:10092000FB21E93F7CD9024000004054FB21F93F04
:100930003163621A61B4D03DFB21F93F0000000031
:100940000000601A61B4D03D7370032E8A19A33B76
:10095000FB2139410000000083C8C96D305FE43FCE
:10096000000000000000E03F3E6C0000D66B00007D
:10097000000000000000103E000000000000103CDD
:10098000000000000000103A3326A611460B113C6F
:10099000182D4454FB21F93D00000054FB21F93D82
:1009A00010B52DED040B2DED068B82B0B0EE41ABF2
:1009B00009989FED299B20F00044B4F1795F0FDA8C
:1009C0009DED080BBDEEC00B10EE100A002801BF14
:1009D000B0EE490B02B0BDEC068B04B008BF10BDF1
:1009E0009DED080B1E48062120EE008BB0EE480B53
:1009F000784400F045F820EE080B9DED081B1C48DC
:100A0000844228EE000B01EE4A0B9FED171B28EEE7
:100A1000011BBCBF31EE400B39EE400B16DB154815
:100A2000A042BCBF9FED142B8DED002B06DBA4F57F
:100A300000100190002000909DED002B31EE421B34
:100A400039EE422B31EE400B32EE400B02B0BDECE2
:100A5000068B04B010BD0000000000000000F03F55
:100A60008469000000000000000000000000E03F7A
:100A70003333D33F0000E93F000000000000D23FC5
:100A8000491E00EBC102B0EE401B92ED000B31F0AD
:100A900006020DD0491E00EBC102B0EE403B92EDC4
:100AA000002B31F00602B0EE420B03EE010BF1D148
:100AB000022914D004290AD0062918BF704790EDE6
:100AC0000A2B00EE012B90ED080B02EE010B90EDCE
:100AD000062B00EE012B90ED040B02EE010B90EDC6
:100AE000022B00EE012B90ED000B02EE010B704784
:100AF00031B504462DED040B2DED068BB0EE419B78
:100B000007989DED060B20F00040B0F1795F0DDAFB
:100B100051EC100BFEF73EFD042808BF00F06CF806
:100B20009DED060BBDEC068B05B030BD20EE008BB5
:100B30001348052128EE00ABB0EE480B7844FFF7D0
:100B40009FFF9FED111B8CB19FED112B29EE022B06
:100B50000AEE402B9DED060B18EE029B0AEE419B20
:100B600030EE490BBDEC068B05B030BD08EE001B26
:100B70009DED060B0AEE010BBDEC068B05B030BDFA
:100B80003869000000000000495555555555C5BF4E
:100B9000000000000000E03F9FED031B9FED042BD1
:100BA00081EE020B70470000000000000000F03FE3
:100BB000000000000000000030EE000B704730EE37
:100BC000010B7047000000009FED031B81EE010B3D
:100BD000704700000000000000000000000000005E
:100BE0009FED030B20EE000B70470000000000009B
:100BF00000000000000000709FED030B20EE000BD2
:100C0000704700000000000000000000000000101D
:100C100070B52DED048B04460D4694ED001B21EEBE
:100C2000011B94ED022B94ED023B02EE031B94EDAD
:100C3000042B94ED043B02EE031BB0EE410BFFF7D7
:100C4000F3FCB0EE408B94ED000BB1EE400B80EE68
:100C5000081BB0EE419BB0EE490BFEF7D1FC85EDD1
:100C6000020B94ED042BB0EE421B94ED022BB0EE80
:100C7000420BFEF7C9FE85ED040BBDEC048B70BD85
:100C800070B505460C46D4F8880035490860D4F89C
:100C90008C0034490860D4F8900033490860D4F8D7
:100CA0009400324908609D20005D50B9D4F89E0040
:100CB00001EE100AB7EEC11AB0EE410B2C4802F05B
:100CC000C3FD9D20005D01280AD1D4F89E0001EEED
:100CD000100AB7EEC11AB0EE410B254802F0B4FD80
:100CE0009820005D20B90120A877D4F89900A86168
:100CF0009820005D01282CD1A877D4F8990000EE47
:100D0000100AF7EE000AB4EEE00AF1EE10FA05DB85
:100D1000B7EE000A10EE100AC4F89900D4F8990052
:100D200000EE100AFFEE000AB4EEE00AF1EE10FA4F
:100D300005D8BFEE000A10EE100AC4F89900D5EDF0
:100D4000060AD4F8990000EE100A30EE800A85ED0C
:100D5000060A9820005D022801D10320A87770BD03
:100D6000B0030020B4030020B8030020BC0300201F
:100D7000C003002010B541EC100BFEF745FD51EC0F
:100D8000100B10BD1CB50020A14909684880A1497D
:100D90000968488800EBD0714910A0EB410131B9D6
:100DA00000209D4908709D4908609D490860022007
:100DB0009C4981F825009FED9C0A9C4880ED000A23
:100DC0000120C8779A4890ED000B9FED9A1BB4EE76
:100DD000C10BF1EE10FA05D29FED980A984880ED0C
:100DE000000A13E19748007800BB95489FED960BE9
:100DF00002F02AFD9FED960A964880ED000A90EDDC
:100E0000010AF1EE000A30EE200A80ED010A90EDB1
:100E1000010ADFED910AB4EEE00AF1EE10FA02DB0E
:100E200001208849087001208C49087085480078A5
:100E3000012826D182489FED8A0B02F005FD9FED27
:100E40008A0A8A4880ED000A9FED890A894880ED68
:100E5000000A894890ED080ADFED850A30EE600A45
:100E6000B7EEC00AB0EEC00B9FED841BB4EEC10B11
:100E7000F1EE10FA02D20220724908700020774980
:100E800008707048007802281ED16D489FED7D0BD8
:100E900002F0DAFC9FED740A744880ED000A9FEDC1
:100EA000740A744880ED000A5D480068401C5C4983
:100EB000086008460068B0F5C87F02D90320614980
:100EC00008700020654908705E480078032820D12A
:100ED0005B489FED6E0B02F0B7FC9FED630A634821
:100EE00080ED000A9FED620A624880ED000A4B48DF
:100EF0000068401C4949086008460068C82802D9B3
:100F00000420504908700020464981F825005349C3
:100F100008704C48007804281ED149489FED5B0BAF
:100F200002F092FC9FED5B0A504880ED000A9FEDB5
:100F3000500A504880ED000A38480068401C374984
:100F4000086008460068B0F5967F02D905203D4943
:100F500008700020414908703A480078052855D1AA
:100F600037489FED4A0B02F06FFC9FED390A394874
:100F700080ED000A9FED480A80ED010A00200090F4
:100F800001903D4890ED081AF0EE410A434890ED7B
:100F9000081AB0EE410A6846DFED411A9FED401A8B
:100FA00004F090FC2B4890ED000ADDED000A30EED5
:100FB000600AB7EEC00AB0EEC00B9FED3A1BB4EE6C
:100FC000C10BF1EE10FA1DD290ED010ADDED010A20
:100FD00030EE600AB7EEC00AB0EEC00B9FED311BD9
:100FE000B4EEC10BF1EE10FA0CD2002009490968E9
:100FF000488001200B49C8772C49096808800020E7
:101000001049087001201549087000BF1CBD000080
:101010000C030020040300204C0300205403002094
:1010200058030020980B002060FBDABFBC030020AF
:10103000180500240000000000C06C400000FA43C6
:10104000C0030020D00300200000000000207C40EE
:1010500000007A43340300200000C843C803002086
:101060000000000000007940D2FBB63FB003002032
:1010700023A10740B403002000070020333333339B
:101080003333C33F00000000004070400000000008
:10109000003081409FC8833F00000000AC06002064
:1010A00000005C43000000000000444014030020E6
:1010B0001CB50120FE49C8770020FE490968488018
:1010C000FD490968488800EBD0714910A0EB410147
:1010D000002928D10020F9490870F9490860BFEEBD
:1010E000000AF84880ED000A0020F7490860F74937
:1010F0000860F7490860F7490860F7490860F74950
:101100000860F7490860F7490860F7490860F7493F
:101110000860F7490860F7490860F7490860F7492F
:101120000860F7490860E74890ED000AB5EEC00A8C
:10113000F1EE10FA25D19FEDF30AF34880ED000A95
:101140009FEDF20A80ED010A9FEDF10AF14880ED72
:10115000000A9FEDF10AF14880ED000AF0489FED8A
:10116000F10B02F071FBD8480068401CD6490860BA
:1011700008460068962804D9B7EE000AD14880EDE9
:10118000000AD04890ED000AFFEE000AB4EE600AB3
:10119000F1EE10FA03D19FEDDE0A80ED000AC94896
:1011A00090ED000AF7EE000AB4EE600AF1EE10FAD4
:1011B00025D19FEDD40AD44880ED000A9FEDD30AD3
:1011C00080ED010A9FEDD20AD24880ED000A9FED22
:1011D000D20AD24880ED000AD1489FEDD40B02F02C
:1011E00033FBBA480068401CB849086008460068EC
:1011F000962804D9B7EE080AB24880ED000AB14833
:1012000090ED000AF7EE080AB4EE600AF1EE10FA6B
:1012100032D1BD4890ED000AF7EE000A30EE600AC8
:1012200080ED000A9FEDB90A80ED010A9FEDBA0A30
:10123000BA4880ED000ABA489FEDBC0B02F004FBEF
:10124000B14890ED000ADFEDBB0AB4EEE00AF1EE22
:1012500010FA03D89FEDB70A80ED000A9C48006899
:10126000401C9B49086008460068642804D9B0EE19
:10127000000A944880ED000A924890ED000AF0EED2
:10128000000AB4EE600AF1EE10FA7DD1012088491F
:1012900081F825009FEDA00AA04880ED000AA6482D
:1012A00090ED000AB5EEC00AF1EE10FA22D19C488A
:1012B0009FED9E0B02F0C8FA9FED9E0A924880EDCA
:1012C000000A90ED010AF7EE000A30EE200A80EDE8
:1012D000010A90ED010ADFED990AB4EEE00AF1EEA1
:1012E00010FA04DBB6EE000A934880ED000A0120F4
:1012F00093490870904890ED000AF6EE000AB4EEAB
:10130000600AF1EE10FA27D185489FED880B02F0B4
:101310009BFA9FED8C0A8C4880ED000A9FED8B0AAA
:101320008B4880ED000A00208A490860BEEE000A62
:10133000894880ED000A72480068401C70490860C6
:1013400008460068AA2804D9B7EE000A7A4880ED5A
:10135000000A00207A490870774890ED000AF7EEFD
:10136000000AB4EE600AF1EE10FA2AD16C489FED43
:101370006F0B02F069FA9FED790A734880ED000A5D
:101380009FED770A724800E091E080ED000A754811
:1013900090ED080ADFED720A30EE600AB7EEC00A7F
:1013A000B0EEC00B9FED701BB4EEC10BF1EE10FA66
:1013B00004D2B0EE000A604880ED000A00206049C7
:1013C00008705D4890ED000AF0EE000AB4EE600A85
:1013D000F1EE10FA28D152489FED540B02F034FA86
:1013E0009FED630A584880ED000A9FED620A584855
:1013F00080ED000A5B4890ED080ADFED5E0A30EEF2
:10140000600AB7EEC00AB0EEC00B9FED571BB4EEFA
:10141000C10BF1EE10FA04D2B0EE080A464880ED96
:10142000000A002046490870434890ED000AF0EE9B
:10143000080AB4EE600AF1EE10FA23D100201C492C
:10144000C87737489FED4C0B02F0FEF99FED480A34
:101450003D4880ED000A9FED470A3D4880ED000AB7
:1014600017480068401C1649086008460068B0F537
:10147000967F04D9B1EE000A2F4880ED000A0020C3
:101480002F4908702C4890ED000AF1EE000AB4EEE6
:10149000600AF1EE10FA0AD121489FED240B02F008
:1014A000D3F99FED180A184880ED000A68E0BBE008
:1014B000980B00200C030020080300204C030020A0
:1014C000500300206C0300207003002074030020F0
:1014D000780300207C030020800300208403002088
:1014E000880300208C030020900300209403002038
:1014F000980300209C030020A0030020A4030020E8
:10150000D403002000007A43340300200000484345
:1015100000000000D8030020DB0FC9BFBC0300207F
:10152000C00300200000000000B078400000000070
:101530000070824000005C43CC0300200000C843E0
:10154000C8030020DB0FC93FB0030020B1A2D63E84
:10155000B4030020AC030020B8030020EDD8683F9E
:1015600056D41A4000070020333333333333C33F9C
:10157000D2FBB63F7F300A400000000000E075401B
:101580001FED1E0A80ED010A0120FE4908600020BF
:1015900000900190FC4890ED081AF0EE410AFB48DB
:1015A00090ED081AB0EE410A68465FED1E1A1FED75
:1015B0001F1A04F087F9F64890ED000ADDED000AE5
:1015C00030EE600AB7EEC00AB0EEC00B9FEDF11B23
:1015D000B4EEC10BF1EE10FA22D290ED010ADDED6E
:1015E000010A30EE600AB7EEC00AB0EEC00B9FED04
:1015F000E91BB4EEC10BF1EE10FA11D21FED3C0A5B
:10160000E64880ED000A0120E549C877B0EE040AFB
:10161000E44880ED000A0020E3490860E3490860DF
:101620000120E349087000BFDE4890ED000AF0EEAB
:10163000040AB4EE600AF1EE10FA37D11FED4F0A3A
:10164000D34880ED000A90ED010AF1EE040A30EE75
:10165000600A80ED010A1FED520AD64880ED000AAB
:101660001FED530AD44880ED000AD4481FED510BFA
:1016700002F0EAF8C64890ED010ADFEDD10AB4EEB7
:10168000E00AF1EE10FA03D89FEDCD0A80ED010AD1
:10169000CC480068401CCB49086008460068C82850
:1016A00004D9B0EE080ABF4880ED000ABD4890EDAD
:1016B000000AF0EE080AB4EE600AF1EE10FA26D144
:1016C0001FED700AB24880ED000A9FEDBD0A80ED63
:1016D000010A1FED710AB74880ED000A1FED720A7A
:1016E000B54880ED000AB5489FEDB70B02F0ACF8A5
:1016F000B7480068401CB649086008460068B0F565
:101700002F7F04D9B1EE000AA64880ED000AA54853
:1017100090ED000AF1EE000AB4EE600AF1EE10FA64
:1017200025D11FED880A9A4880ED000A9FEDA40A92
:1017300080ED010A1FED8A0A9E4880ED000A1FED28
:101740008A0A9D4880ED000A9C481FED880B02F034
:101750007BF8A0480068401C9E4908600846006865
:10176000962804D9B1EE020A8E4880ED000A8D4811
:1017700090ED000AF1EE020AB4EE600AF1EE10FA02
:1017800032D1834890ED000AF7EE000A30EE600A8D
:1017900080ED000A9FED8A0A80ED010A1FEDA20A82
:1017A000854880ED000A85481FEDA00B02F04CF83B
:1017B000774890ED000A5FEDA10AB4EEE00AF1EE81
:1017C00010FA03D81FEDA50A80ED000A82480068D0
:1017D000401C8149086008460068642804D9B1EEBD
:1017E000040A704880ED000A6E4890ED000AF1EEA0
:1017F000040AB4EE600AF1EE10FA7DD101206849C6
:1018000081F825001FEDBC0A6B4880ED000A634893
:1018100090ED000AB5EEC00AF1EE10FA22D1674849
:101820001FEDBE0B02F010F81FEDBE0A584880ED08
:10183000000A90ED010AF7EE000A30EE200A80ED72
:10184000010A90ED010A5FEDC30AB4EEE00AF1EE81
:1018500010FA04DBB6EE000A504880ED000A0120C1
:10186000534908704D4890ED000AF6EE000AB4EEB8
:10187000600AF1EE10FA27D150489FED580B01F0A5
:10188000E3FF1FEDD00A574880ED000A1FEDD10A93
:10189000554880ED000A00203A490860BEEE000A73
:1018A000524880ED000A41480068401C3F490860EA
:1018B00008460068AA2804D9B7EE000A374880ED28
:1018C000000A00203A490870344890ED000AF7EE0B
:1018D000000AB4EE600AF1EE10FA2AD137481FED83
:1018E000ED0B01F0B1FF1FEDE30A3E4880ED000A69
:1018F0001FEDE50A3C4800E023E180ED000A2248A4
:1019000090ED080A5FEDEA0A30EE600AB7EEC00A11
:10191000B0EEC00B1FEDEC1BB4EEC10BF1EE10FAF4
:1019200004D2B0EE000A1D4880ED000A00202049D4
:1019300008701A4890ED000AF0EE000AB4EE600A52
:10194000F1EE10FA69D11D489FED290B01F07CFFE3
:101950001FEDF90A234880ED000A1FEDFA0A22481C
:1019600080ED000A084890ED080ADFED230A30EE0A
:10197000600AB7EEC00AB0EEC00B9FED201BB4EEBC
:10198000C10B3FE0AC03002000070020AC060020A4
:10199000340300200000000000004440CC0300207D
:1019A000980B00206C03002050030020D40300207B
:1019B000C8030020D8030020BC030020C00300207F
:1019C00000008CC280030020000000000000000026
:1019D00084030020880300208C0300200000000006
:1019E00000C08240B0030020B4030020B8030020F0
:1019F00000000000007082407F300A4033333333F0
:101A00003333C33FF1EE10FA04D2B0EE080A88482F
:101A100080ED000A002087490870854890ED000A93
:101A2000F0EE080AB4EE600AF1EE10FA23D10020BD
:101A30008149C87781489FED820B01F005FF9FED3A
:101A4000820A824880ED000A1FED150A804880ED69
:101A5000000A80480068401C7E490860084600680B
:101A6000B0F5967F04D9B1EE000A714880ED000A06
:101A70000020704908706E4890ED000AF1EE000AEF
:101A8000B4EE600AF1EE10FA5BD16C481FED280B42
:101A900001F0DAFE9FED700A704880ED000A9FEDBC
:101AA000700A80ED010A01206E4908600020009054
:101AB00001906D4890ED081AF0EE410A6B4890EDE8
:101AC000081AB0EE410A6846DFED691A9FED681A00
:101AD00003F0F8FE614890ED000ADDED000A30EEFB
:101AE000600AB7EEC00AB0EEC00B1FED561BB4EE95
:101AF000C10BF1EE10FA20D290ED010ADDED010AE2
:101B000030EE600AB7EEC00AB0EEC00B1FED5F1BEF
:101B1000B4EEC10BF1EE10FA0FD29FED560A444815
:101B200080ED000A01204449C877B1EE060A524808
:101B300080ED000A00205149086001203D490870ED
:101B400000BF4D4890ED000AF1EE060AB4EE600ABF
:101B5000F1EE10FA35D19FED400A404880ED000AC1
:101B600090ED010AF1EE040A30EE600A80ED010A00
:101B70009FED400A424880ED000A9FED420A42482C
:101B800080ED000A2D481FED660B01F05DFE334825
:101B900090ED010AB5EEC00AF1EE10FA03D89FED00
:101BA000350A80ED010A39480068401C3749086051
:101BB00008460068C82804D9B1EE080A2E4880ED0E
:101BC000000A2D4890ED000AF1EE080AB4EE600A12
:101BD000F1EE10FA2AD19FED200A204880ED000A8C
:101BE0009FED240A80ED010A9FED220A244880ED32
:101BF000000A9FED240A244880ED000A0F481FEDDB
:101C0000840B01F021FE22480068401C2049086036
:101C100008460068962809D900201E4909684880AE
:101C200001200549C8771C49096808801CBD0000CF
:101C3000CC030020C8030020980B0020C003002024
:101C40000000000000E07540D2FBB63FB00300206A
:101C5000B40300205003002000007A433403002026
:101C600000004843AC03002000070020AC06002021
:101C700000005C43000000006C030020D40300203F
:101C8000D8030020DB0FC9BFBC0300209403002051
:101C90009803002008030020140300202849096845
:101CA000488800EBD0714910A0EB4101012908D10F
:101CB0000220244908709FED240A244880ED000A80
:101CC00002E000202249086022490968488800EBA8
:101CD000D0714910A0EB4101012907D10120194918
:101CE00008709FED190A194880ED000A194A126818
:101CF000518801EBD1725210A1EB420262B9104A35
:101D00001268508800EBD0725210A0EB42021AB950
:101D10000020114981F8250010490968488800EB26
:101D2000D0714910A0EB4101012907D103200549D9
:101D300008709FED050A054880ED000A7047000015
:101D4000000300204C03002000000000D803002006
:101D50005003002004030020980B002008030020FB
:101D60001CB50020A94909684880A9490968488824
:101D700000EBD0714910A0EB410121B90020A54929
:101D80000870A54908600120A44981F825009FED4D
:101D9000A40AA44880ED000AA34890ED000B9FED33
:101DA000A31BB4EEC10BF1EE10FA05D29FEDA10A10
:101DB000A14880ED000A28E1A04890ED000AB5EEA8
:101DC000C00AF1EE10FA22D19B489FED9D0B01F065
:101DD0003BFD9FED9D0A9D4880ED000A90ED010AB4
:101DE000F1EE000A30EE200A80ED010A90ED010AC2
:101DF000DFED970AB4EEE00AF1EE10FA04DBB7EE7D
:101E0000000A8E4880ED000A0120924908708B4834
:101E100090ED000AF7EE000AB4EE600AF1EE10FA57
:101E200030D185489FED860B01F00EFD9FED8A0AAB
:101E30008A4880ED000A9FED8A0A8A4880ED000AF0
:101E4000002089490860BEEE000A884880ED000A3B
:101E5000874890ED080ADFED820A30EE600AB7EE9F
:101E6000C00AB0EEC00B9FED831BB4EEC10BF1EEC8
:101E700010FA04D2B0EE000A704880ED000A00208B
:101E8000744908706D4890ED000AF0EE000AB4EE57
:101E9000600AF1EE10FA28D167489FED690B01F056
:101EA000D3FC9FED760A6D4880ED000A9FED740A21
:101EB0006C4880ED000A6E4890ED080ADFED700A6C
:101EC00030EE600AB7EEC00AB0EEC00B9FED691BA2
:101ED000B4EEC10BF1EE10FA04D2B0EE080A574886
:101EE00080ED000A00205B490870544890ED000A1C
:101EF000F0EE080AB4EE600AF1EE10FA23D10020E9
:101F00004649C8774C489FED5F0B01F09DFC9FED63
:101F10005B0A524880ED000A9FED590A514880ED56
:101F2000000A3D480068401C3B49086008460068BC
:101F3000B0F5967F04D9B1EE000A404880ED000A62
:101F40000020444908703D4890ED000AF1EE000A77
:101F5000B4EE600AF1EE10FA57D137489FED4B0B03
:101F600001F072FC9FED380A384880ED000A9FEDC1
:101F7000490A80ED010A01203B49086000200090D9
:101F800001903B4890ED081AF0EE410A424890ED6E
:101F9000081AB0EE410A6846DFED401A9FED3F1A7D
:101FA00003F090FC294890ED000ADDED000A30EEC8
:101FB000600AB7EEC00AB0EEC00B9FED391BB4EE5D
:101FC000C10BF1EE10FA1CD290ED010ADDED010A11
:101FD00030EE600AB7EEC00AB0EEC00B9FED301BCA
:101FE000B4EEC10BF1EE10FA0BD2002008490968DB
:101FF00048809FED280A114880ED000A012007491A
:10200000C87701201349087000BF1CBD0C030020D5
:10201000000300204C03002050030020980B0020F8
:102020004C4DD3BFBC030020180500240000000065
:1020300000406F400000FA43C0030020CC030020A2
:10204000000000000030814000007A43340300208B
:102050000000C843C8030020EDD8683FB00300204B
:1020600056D41A40B4030020AC030020B80300206B
:1020700000070020333333333333C33FD2FBB63F43
:102080007F300A4000000000007077400000000030
:102090000070824000000000AC06002000005C439D
:1020A000000000000000444070B500250024EEF759
:1020B0002BFD8020EEF762FE5520EEF75FFE5520E7
:1020C000EEF75CFE0546EEF715FD9620EEF74AFDAD
:1020D000EEF71AFD8020EEF751FE5520EEF74EFE8A
:1020E0005520EEF74BFE0546EEF704FD9620EEF781
:1020F00039FDEEF709FDB6217E20EEF74FFEEEF733
:10210000F9FC5020EEF721FDEEF7FEFC8020EEF703
:1021100035FE5520EEF732FE5520EEF72FFE054630
:10212000EEF7E8FC9620EEF71DFDEEF7EDFC8020C3
:10213000EEF724FE5520EEF721FE5520EEF71EFEA9
:102140000546EEF7D7FC9620EEF70CFD1E2D01D0CC
:10215000FF2070BD002434E0EEF7D6FC04EB44020F
:102160001A4B1A44517804EB4402985CEEF716FEC1
:10217000EEF7C0FC9620EEF7F5FCEEF7C5FC04EB9D
:102180004401124A515C41F08000EEF7F7FD552002
:10219000EEF7F4FD5520EEF7F1FD0546EEF7AAFC4B
:1021A0009620EEF7DFFC04EB440008490844407831
:1021B000A84204D004EB440008448078C9E7601CBE
:1021C000C4B2062CC8DB0020C3E70000A801002031
:1021D00038B5002400200090EEF7ACFC69460020E2
:1021E000EEF7BFFDEEF79CFC9620EEF7BBFCEEF79A
:1021F000A1FC69460020EEF7B4FDEEF791FC9620B5
:10220000EEF7B0FCEEF796FCB6211420EEF7C6FD13
:10221000EEF786FC5020EEF798FCEEF78BFC694653
:102220000020EEF79EFDEEF77BFC9620EEF79AFC81
:10223000EEF780FC69460020EEF793FDEEF770FCA8
:102240009620EEF78FFC9DF800000F2801D0FF20AC
:1022500038BD00242FE0EEF76DFC04EB4402184B70
:102260001A44517804EB4402985CEEF797FDEEF7C0
:1022700057FC9620EEF776FCEEF75CFC04EB44018D
:102280000F4A505C6946EEF76CFDEEF749FC96206C
:10229000EEF768FC04EB44000949084440789DF8D7
:1022A0000010884205D004EB4400054908448078BA
:1022B000CEE7601CC4B2062CCDDB0020C8E70000CE
:1022C000BA01002010B500F01FF80C48F2F7D5FB5A
:1022D0000B48F2F7D2FB0B48F2F7CFFB00220121AB
:1022E0000648F1F7F5FC002201210548F1F7F0FC62
:1022F000002201210348F1F7EBFC10BDD4050024B6
:10230000740600241407002400B589B00020019051
:102310000290022003900120049000200590069076
:1023200001A90948F1F7A7FD012003460222114641
:1023300000900548F1F7F3FD012211460248F1F73C
:1023400064FD09B000BD0000D405002470B504464A
:102350000D46D5F8A60000EE100ADFED0B0A0B487B
:10236000F8F700FAB7EEC00A84ED000BD5F8A2002A
:1023700000EE100ADFED040A0548F8F7F3F9B7EEAE
:10238000C00A84ED020B70BD00000000100C00209C
:10239000C40B002010B52DED0A8BF0EE408AB0EE94
:1023A000608A04464E4890ED000AB4EEC80AF1EE89
:1023B00010FA03DD90ED000AB0EE408A484890ED37
:1023C000010AB4EEC80AF1EE10FA03D290ED010A48
:1023D000B0EE408A0C21B7EEC80A424801F08AFFED
:1023E000B3EE041B30EE419B0821B7EEC80A3E480D
:1023F00001F080FFB0EE40BB0821B7EEC80A3B48B1
:1024000001F078FFB0EE40CB0621B7EEC80A38489D
:1024100001F070FFB0EE40ABB7EEE80AB4EEC90BC6
:10242000F1EE10FA06DD84ED018AB7EEC90B84EDFA
:10243000000A52E02A4890ED000AB1EE400AB4EEDC
:10244000C80AF1EE10FA11D89FED2A0AB4EEC08A3C
:10245000F1EE10FA0AD2B7EEE80AB4EECA0BF1EECA
:1024600010FA03D2B7EECA0BF0EE408A9FED210AB4
:10247000B4EEC08AF1EE10FA11DB9FED1F0AB4EE44
:10248000C08AF1EE10FA0AD2B7EEE80AB4EECC0B2D
:10249000F1EE10FA03D2B7EECC0BF0EE408A9FEDCE
:1024A000160AB4EEC08AF1EE10FA12DB0C4890ED79
:1024B000010AB4EEC80AF1EE10FA0ADBB7EEE80A38
:1024C000B4EECB0BF1EE10FA03D2B7EECB0BF0EE7D
:1024D000408AC4ED008A84ED018ABDEC0A8B10BDF0
:1024E000A001002090000020F0000020300100201A
:1024F0007001002000002AC30000C8422DE9FC4101
:1025000006460C461546601987B2FF208DF800007C
:102510008DF801008DF802008DF803008DF804009D
:102520008DF805008DF80600FB208DF807000823C4
:102530006A463946304600F05BFBBDE8FC8100008E
:1025400010B52DED088BB0EE408BB0EE419BB0EE98
:1025500042ABB0EE43BB9FED142ADFED141AB2EE8E
:10256000081AF7EE000AB7EEC80B0121104801F077
:1025700043FCF1EE000AB7EEC90B02210C4801F052
:10258000E9FEF7EE080AB7EECA0B0121094801F08F
:10259000E1FEF0EE0C0AB7EECB0B0221054801F08C
:1025A000D9FEBDEC088B10BD000000003333334072
:1025B000740600241407002400B52DED048B81B0AF
:1025C000B0EE408BF7EEC80B164890ED001BB7EE4F
:1025D000C10B1548F8F7C6F8B0EE409A134890EDD5
:1025E0000A1BF7EEC10BB0EE600AF0EE490A104884
:1025F000F8F7B8F8F0EE409A0E4800231A4619464C
:10260000BDEEE90A009010EE100A00B203F06EFB76
:102610000823084A9901084800F0EAFA01B0BDEC25
:10262000048B00BD2005002418390024E03A002462
:1026300064390024D004002414070024374890EDA6
:10264000000A374880ED000A344890ED010A354809
:1026500080ED000A314890ED020A334880ED000A0F
:102660002E4890ED030A314880ED000A2B48007C8B
:1026700001280DD12E4988772E4890ED000BB7EE3A
:10268000001B30EE010BB7EEC00B084680ED060ACA
:102690002248007C02280ED1012025498877254850
:1026A00090ED000BBFEE001B30EE010BB7EEC00B40
:1026B000084680ED060A1948007C10B903201C4921
:1026C00088771648807C022804D19FED1B0A1B489E
:1026D00080ED000A1148807C012804D19FED180A82
:1026E000164880ED000A0D48807C20B99FED150A40
:1026F000124880ED000A0948407C012801D10C49AC
:10270000C8770648407C10B900200949C8770020E6
:102710000D49087001200D49086070479031002470
:10272000B0030020B4030020B8030020BC03002045
:10273000980B0020200500240000C843C00300209F
:102740000000C8C300000000C8030020A803002048
:1027500010B504469FED030B84ED020B2046EFF706
:1027600071F810BD000000000000000080ED040BB7
:10277000642900DD6421012900DA0121018301229D
:102780008276704710B52DED028B04462046EFF798
:1027900059F8B0EE408A94ED020BB7EEC81A30EE4D
:1027A000010B84ED020B94ED020B94ED041BB4EECF
:1027B000C10BF1EE10FA0EDD0220A076208B401E38
:1027C000002802D5BDEC028B10BD0221208B401EDB
:1027D000084A11540BE00120A076208B401E0028EF
:1027E00000D5EFE70121208B401E024A115400BFA3
:1027F000E8E70000A03D002410B503460C46207811
:1028000000F00F005860207801119960A07861787D
:1028100040EA0121D960E0780001217940EA2111E4
:1028200019616079217901F00F0140EA01215961B4
:102830001021F2EE090ABAEE090AD86803F00CFB7F
:1028400083ED080A0C21DFED110A9FED110A1869CA
:1028500003F002FB83ED090A0C21DFED0E0A9FED68
:102860000E0A586903F0F8FA83ED0A0AA07900EE1F
:10287000100AB8EE400A83ED0D0AE07900EE100A66
:10288000B8EE400A83ED0E0A10BD0000000034428D
:10289000000034C200005842000058C210B50022A7
:1028A00001210B4800F018F84FF48072022108480B
:1028B00000F012F84FF480720121064800F00CF885
:1028C0004FF480720221034800F006F810BD0000AA
:1028D00074060024140700242DE9FC4106460C462A
:1028E0001546601987B2FF208DF800008DF80100B1
:1028F0008DF802008DF803008DF804008DF80500B6
:102900008DF80600FC208DF8070008236A4639463A
:10291000304600F06DF9BDE8FC8170B52DED0E8BF1
:1029200004460D4694ED000BB0EE001B80EE012B2B
:10293000B0EE42EBB0EE4E0BFDF74AF9B0EE408B35
:1029400094ED000BB0EE001B80EE012BB0EE42EBDD
:10295000B0EE4E0BFDF710FEB0EE409B94ED020B77
:10296000B0EE001B80EE012BB0EE42EBB0EE4E0B52
:10297000FDF72EF9B0EE40AB94ED020BB0EE001B6C
:1029800080EE012BB0EE42EBB0EE4E0BFDF7F4FD06
:10299000B0EE40BB94ED040BB0EE001B80EE012BBB
:1029A000B0EE42EBB0EE4E0BFDF712F9B0EE40CBBD
:1029B00094ED040BB0EE001B80EE012BB0EE42EB69
:1029C000B0EE4E0BFDF7D8FDB0EE40DB28EE0A0B63
:1029D00020EE0C0B29EE0B1B01EE0D0B85ED000B11
:1029E00028EE0A0B20EE0D0B29EE0B1B01EE4C0B13
:1029F00085ED020B28EE0B0B20EE0C0B29EE0A1BCB
:102A000001EE0D0B85ED040B29EE0A0B20EE0C0BED
:102A100028EE0B1B01EE4D0B85ED060BBDEC0E8B6E
:102A200070BD82B0CDE9000121F0004001909DED24
:102A3000000B02B051EC100B7047000010B5214A9A
:102A40002149224800F0A0F81F48008840F20521E3
:102A5000884203D11B491E48F7F708F81A48008836
:102A600040F20621884203D116491A48F6F73AFF88
:102A70001948008814490988884203D11149164829
:102A8000F6F7F4FF154800880F490988884203D1FA
:102A90000C491248F6F7EAFF114800880A490988EC
:102AA000884203D107490E48F6F7E0FF0D48008839
:102AB00005490988884203D102490A48F6F7D6FF3A
:102AC00010BD00007A00002082000020D405002400
:102AD000A03B0024403B0024000800207808002090
:102AE000F00800206809002010B50B4A0B490C487B
:102AF00000F04AF809480088032803D1064909482C
:102B0000FFF77AFE05480088042803D102490648E9
:102B1000FFF772FE10BD0000840000208C00002032
:102B200074060024AC0600200007002010B5104AEF
:102B30001049114800F028F80E480088032803D1F6
:102B40000B490E48FFF758FE0A480088042803D1B5
:102B500007490B48FFF750FE0648008840F2012164
:102B6000884203D102490748F6F7BCFE10BD0000B9
:102B70008C0600208E00002014070024540700203B
:102B8000A8070020E03A0024F0B58BB007460C46B9
:102B900015462B4601AA40213846F1F7DDF928BB3E
:102BA000019820800498082801D80498C6B2049897
:102BB000092800D80C2604980A2800D81026049862
:102BC0000B2800D8142604980C2800D8182604983E
:102BD0000D2800D8202604980E2800D83026049806
:102BE0000F2800D8402630460BB0F0BD0020FBE790
:102BF000F0B589B006460D4617461C4600950020E4
:102C000001900290082C00D803940C2C01D10920CB
:102C10000390102C01D10A200390142C01D10B2019
:102C20000390182C01D10C200390202C01D10D20F1
:102C30000390302C01D10E200390402C01D10F20A5
:102C40000390002004904FF48010059040000690FF
:102C50000020079008903A4669463046F1F78CF814
:102C600010B1012009B0F0BD0020FBE7014671EE74
:102C7000602AF0EE621AB0EE602A30EE423A01208D
:102C80008840401E02EE900AF8EEE22A63EE222A05
:102C900082EEA13AFDEEC32A12EE900A70470000C0
:102CA00010B53A48008870B19FED390A394880ED77
:102CB000000A9FED390A394880ED000A9FED380A75
:102CC000384880ED000A38480088304909880840B3
:102CD000B8B19FED2F0A2F4880ED000A9FED330A0F
:102CE00080ED010A9FED2C0A2C4880ED000A9FED33
:102CF0002C0A2C4880ED000A2D489FED2E0B00F089
:102D0000A3FD2E48008870B19FED250A214880ED73
:102D1000010A9FED230A214880ED000A9FED200A59
:102D2000204880ED000A20480088A8B12448008887
:102D300090B19FED170A174880ED000A9FED1B0A1E
:102D400080ED010A9FED1F0A164880ED000A9FEDF5
:102D50001D0A124880ED000A13480088A8B11A48DD
:102D6000008890B19FED190A0A4880ED000A9FED96
:102D70000C0A80ED010A9FED160A0A4880ED000A50
:102D80009FED100A054880ED000A10BDE401002007
:102D900000007A4334030020DB0FC9BFBC030020CE
:102DA00000000000D8030020DA01002000004843A2
:102DB000C00300200000000000005940E601002090
:102DC000D4010020DB0F49BFD60100200000A5433D
:102DD000DB0F493F30B52DED0A8BBFB00446B0EE96
:102DE000408BB0EE419BB0EE42ABB0EE43BB0D4624
:102DF000182138A8EDF707FC202130A8EDF703FCD7
:102E000030226B4924A8EDF7CCFB94ED040B8DED3B
:102E1000380B94ED060B8DED3A0B94ED080B8DED10
:102E20003C0B30A938A8FFF778FD9DED300B8DEDF8
:102E3000280B9DED320B8DED2A0B9DED340B8DEDA6
:102E40002C0B9DED360B8DED2E0B90225849303119
:102E50006846EDF7A6FBBEEE000B2BEE000B20EE56
:102E6000080B8DED060BBEEE000B2AEE000B20EEDC
:102E7000080B8DED080BBEEE000B29EE000B20EECB
:102E8000080B8DED0A0BB6EE000B2BEE000B20EEBF
:102E9000080B8DED0C0BB6EE000B29EE000B20EEAF
:102EA000080B8DED100BBEEE000B2AEE000B20EE92
:102EB000080B8DED120BB6EE000B2AEE000B20EE88
:102EC000080B8DED140BBEEE000B29EE000B20EE6F
:102ED000080B8DED160BB6EE000B2BEE000B20EE63
:102EE000080B8DED1A0BB6EE000B29EE000B20EE51
:102EF000080B8DED1C0BB6EE000B2AEE000B20EE3E
:102F0000080B8DED1E0BBEEE000B2BEE000B20EE22
:102F1000080B8DED200B24AA24A9684603F004FCBD
:102F20009DED281B21EE011B9DED2A2B9DED2A3BDB
:102F300002EE031B9DED2C2B9DED2C3B02EE031BA3
:102F40009DED2E2B9DED2E3B02EE031BB0EE410BB3
:102F5000FDF76AFBB0EE40CB9DED280B80EE0C1B1D
:102F60008DED301B9DED2A0B80EE0C1B8DED321B81
:102F70009DED2C0B80EE0C1B8DED341B9DED2E0B6F
:102F800080EE0C1B8DED361B38A930A801F05EFBDE
:102F90009DED380B85ED040B9DED3A0B85ED060B91
:102FA0009DED3C0B85ED080B3FB0BDEC0A8B30BDB1
:102FB0004871010810B5474AA2F1180101F10C004F
:102FC000EDF704FE444890ED000A444880ED000A05
:102FD000434890ED000A404880ED000A3D4818380B
:102FE00090ED060ADFED3F0A30EEC00A3C4880ED66
:102FF000000A3D4890ED000A3948D0ED000A30EE55
:10300000200A394880ED000A90ED000ADFED370A0A
:10301000B4EEE00AF1EE10FA03DD9FED340A80ED24
:10302000000A314890ED000ADFED310AB4EEE00A03
:10303000F1EE10FA03D29FED2E0A80ED000A284827
:1030400090ED000ADFED2B0A20EE200A2648D0ED95
:10305000000A9FED291A01EE200A2148D0ED000A4E
:103060001D4890ED001A70EEC10AB2EE041A01EE8E
:10307000200A224880ED000A90ED000ADFED200AC8
:10308000B4EEE00AF1EE10FA03DD9FED1D0A80EDCB
:10309000000A1A4890ED000AB5EEC00AF1EE10FAE7
:1030A00003D29FED180A80ED000A17480078012826
:1030B00004D19FED140A114880ED000A0F4890EDED
:1030C000000ABCEEC00A10EE100A80B20F4909686F
:1030D000086410BD60290024500400245404002416
:1030E0004C040024000020425804002400148246AE
:1030F000001482C6000096439A99993E4804002421
:1031000000181C46000000005C040024400400205D
:10311000024642FA01F000F001007047024642FA0E
:1031200001F000F001007047034643FA02F000F09E
:10313000010030B141FA02F000F0010008B90120AD
:1031400070470020FCE7034643FA02F000F001005C
:1031500030B141FA02F000F0010008B901207047D7
:103160000020FCE72DE9F04107460E4614461D46B7
:1031700094ED000BBDEEC00B10EE100A94ED020BA7
:10318000BDEEC00B10EE101A4843801CC200214651
:103190003846EDF706FA95ED000BBDEEC00B10EECC
:1031A000100A95ED020BBDEEC00B10EE101A48434D
:1031B000801CC20029463046EDF7F3F9BDE8F081E6
:1031C000F0B5ADF2944D07460C4615461E464FF439
:1031D00092616846EDF717FA2146204603F094FC09
:1031E0006A462146384603F09FFA2146204603F0FE
:1031F0008BFC6A466946204603F096FA6A462946E1
:10320000684602F0DBFE6946684602F0C5FF2146CB
:10321000204603F079FC6A466946204603F084FAAA
:103220002146204603F070FC32466946384603F0DA
:103230007BFA0DF2944DF0BDF0B5ADF2944D07461A
:103240000D4614461E464FF492616846EDF7DBF9D1
:103250006A462146284603F067FA6A4669463846B8
:1032600003F062FA32466946204603F02BFB0DF26A
:10327000944DF0BDF0B5ADF2944D04460D461646A2
:103280001F464FF492616846EDF7BDF9214620468E
:1032900003F03AFC6A462146284603F045FA2146E7
:1032A000204603F031FC6A466946204603F03CFAAA
:1032B0003A463146684602F081FE0DF2944DF0BD6B
:1032C0002DE9F0419CB004460D4616461F46DDF838
:1032D000888070216846EDF796F96A46214638469F
:1032E00003F022FA6A466946304603F0EBFA6A4672
:1032F0006946284603F018FA42466946204602F01D
:103300005DFE1CB0BDE8F08100B587B00C213048EF
:10331000F5F770FB00BFEDF74AFC0028FBD1012058
:103320002C49087008E02C480078012800D104E0FE
:103330009FED2A0AEEF768FAF5E700BF2848EEF796
:1033400081FAB7EEC00A274880ED000BFFF732FE86
:1033500018216846EDF757F9234890ED000AB7EEBB
:10336000C00A224880ED000B1F4890ED010AB7EE1D
:10337000C00A1E4880ED020B1B4890ED020AB7EE12
:10338000C00A1A4880ED040B6946FDF741FC9DED2B
:10339000000B174880ED040B9DED020B80ED060B32
:1033A0009DED040B80ED080B104890ED000B1148CB
:1033B00080ED000B0D4890ED020B0E4880ED020BE6
:1033C0000A4890ED040B0B4880ED040B07B000BDDC
:1033D00040040020F9000024F80000246F12833A12
:1033E000FC0000240001002448290024C0290024F6
:1033F00058010024D829002400B589B0FFF7DAFD70
:10340000F148EEF71FFAB7EEC00AF04880ED000B66
:10341000EF4890ED030AEF48D0ED000A30EE600A65
:10342000EB4880ED030A90ED040AEB48D0ED000A6A
:1034300030EE600AE64880ED040A90ED050AE748A0
:10344000D0ED000A30EE600AE14880ED050A90ED0B
:10345000030AB7EEC00AE24880ED000BDC4890EDAD
:10346000040AB7EEC00ADF4880ED000BD84890EDA3
:10347000050AB7EEC00ADC4880ED000B182102A84F
:10348000EDF7C1F8D24890ED000AB7EEC00AD74870
:1034900080ED000BCE4890ED010AB7EEC00AD3488C
:1034A00080ED020BCA4890ED020AB7EEC00ACF4881
:1034B00080ED040BCE4890ED001BCE4890ED002B24
:1034C000C24890ED003BB7EE000B02EE430B21EE3D
:1034D000000BC64890ED001BC64890ED002B21EE76
:1034E000021BBA4890ED002B01EE020BBF4880EDA5
:1034F000000BBF4890ED021BBE4890ED002BB34877
:1035000090ED003BB7EE000B02EE430B21EE000BFB
:10351000B64890ED021BB74890ED002B21EE021B40
:10352000AA4890ED002B01EE020BB04880ED020B93
:10353000AF4890ED041BAF4890ED002BA34890EDF1
:10354000003BB7EE000B02EE430B21EE000BA74849
:1035500090ED041BA74890ED002B21EE021B9B4829
:1035600090ED002B01EE020BA04880ED040B90EDD6
:10357000000B974880ED140B9C4890ED020B94488B
:1035800080ED160B994890ED040B914880ED180BD7
:1035900002A99648FDF73CFB9DED020B964880ED95
:1035A000040B9DED040B80ED060B9DED060B80EDED
:1035B000080B8E4890ED000B8D4880ED000B8B487A
:1035C00090ED020B8A4880ED020B884890ED040BC9
:1035D000874880ED040B8949814890ED003B814884
:1035E00090ED002B804890ED001B784890ED000B8B
:1035F0008348FFF7EFFB834B834A84490020FFF7A2
:1036000039FE774890ED001B21EE011B754890EDC7
:10361000002B90ED003B02EE031BB0EE410BFDF7DB
:1036200003F8B0EEC00B9FED7A1BB4EEC10BF1EEC8
:1036300010FA21DC6D4890ED001B21EE011B90ED8E
:10364000022B90ED023B02EE031B90ED042B90ED5C
:10365000043B02EE031BB0EE410BFCF7E5FF9FEDD0
:103660006E1B30EE410BB0EEC00B9FED691BB4EE4C
:10367000C10BF1EE10FA18DD604890ED040B6848BC
:1036800080ED040B5D4890ED060B654880ED060B60
:103690005A4890ED080B624880ED080B594B0246E2
:1036A0005A495748FFF75EFD1FE05E4B5E4A5F498F
:1036B0005448FFF785FD5A485C4B4F4A59490090E2
:1036C0004E48FFF7FDFD4D4890ED040B544880ED4A
:1036D000040B574B4B4A55495248FFF7ADFD544B2D
:1036E0004F4A4A494648FFF73DFD4D4890ED040BCF
:1036F0009FED501B20EE010B354880ED080B48482C
:1037000090ED060B9FED4B1B20EE010B304880ED3A
:103710000A0B434890ED080B9FED461B20EE010B72
:103720002B4880ED0C0B3E4890ED040B284880EDB3
:103730000E0B3B4890ED060B254880ED100B3848EA
:1037400090ED080B224880ED120B90ED0E0B3B48DC
:1037500090ED001B30EE410BB8EE081BB4EEC10B30
:10376000F1EE10FA05D21A48006F401C184908679C
:1037700013E0174890ED0E0B304890ED001B30EE33
:10378000410BB0EE081BB4EEC10BF1EE10FA04DDF4
:103790000F48006F401E0E4908670D4890ED0E1B44
:1037A000006F400000EE100AB8EEC00B9FED242B16
:1037B00000EE021B064880ED1A1B90ED0E0B1F4811
:1037C00080ED000B09B000BDFC00002400010024C6
:1037D00048290024100100240C01002408010024C1
:1037E000280100242001002418010024C0290024FD
:1037F000D82900244004002480010024A8010024CA
:103800005801002428020024D80200248002002449
:103810009A9999999999D93F312592E865942340CD
:1038200030010024E0030024300300248803002436
:10383000D0010024B694631ADCA54C40380400245F
:103840004AD8124DFB21094010B52DED028BB0EE88
:10385000408B0446F7EEC80B064890ED001BB7EE10
:10386000C10B0548F6F77EFF84ED000ABDEC028B24
:1038700010BD000018050024943A002400B52DED79
:10388000048B81B0B0EE408B174890ED0E1BF7EE25
:10389000C10BB0EE600AB1EE481BF7EEC10B134846
:1038A000F6F760FFB7EEC00AB0EE409B1048002369
:1038B0001A4600900F4890ED000BBDEEC00B10EEC5
:1038C000100A01B2BDEEC90B10EE100A00B202F0F0
:1038D0000DFA0823064A40F2FF110748FFF788F95E
:1038E00001B0BDEC048B00BDA03B0024FC390024DA
:1038F000E0040024C8040024D405002410B549487D
:1039000000684088032190FBF1F201FB120028B906
:103910000020454908604549096888804148006899
:103920004088032190FBF1F201FB120001283BD1FA
:103930003F489FED400BFFF787FF9FED400A40484F
:1039400080ED000A9FED3F0A80ED010A9FED3E0ADF
:103950003E4880ED000A9FED3B0A3D4880ED000A9D
:1039600000203149086031490968888800EBD0712E
:103970004910A0EB4101012916D19FED320A3548CB
:1039800080ED000A9FED2F0A334880ED000A9FED7D
:103990002D0A2F4880ED000A9FED2B0A2B4880ED61
:1039A000000A00202D4908701E4800684088032145
:1039B00090FBF1F201FB1200022831D11C489FED6F
:1039C000280BFFF741FF9FED1D0A1D4880ED000AFF
:1039D0009FED1C0A80ED010A9FED1A0A1B4880ED3D
:1039E000000A9FED180A1A4880ED000A0E48006888
:1039F000401C0D4908600968B1F5967F0DD90B4947
:103A00000968888800EBD0714910A0EB41010129B9
:103A100003D0002003490968488000200F4908703E
:103A200010BD00000C0300204803002010030020FC
:103A3000C003002000000000000054400000A54327
:103A400034030020000000009A9919BEBC03002036
:103A5000D8030020B0030020B4030020C8030020D6
:103A60000000000000005E402DED028BF1F758F9D8
:103A7000F7F7D0FBF6F7E0F9F6F7C6F8F6F754FCDF
:103A8000F6F78EFCF6F7B2FAF6F710F9F6F750F9FA
:103A9000F6F790F9F6F778FAF6F74EFBF6F79EFB95
:103AA000F6F7BAFCF6F7D4FBF6F7D2FAF6F706FC0F
:103AB0004FF4F070EDF7ECFEFFF726FC9FED6A0A7D
:103AC000EDF7A2FEFEF7FEFBF7F7FCF8EDF7DEF9E7
:103AD000ECF70CFEFBF7F8FCF7F777FBFF226349E6
:103AE0006348F5F76CF801219FED620B6348FEF720
:103AF0003DFE02219FED5F0B6148FEF737FEB2E00D
:103B000001F00AF85F48EDF79DFEFFF775FC5E488F
:103B100000680A2190FBF1F201FB1200002865D138
:103B2000F9F710F859480088012831D15848008821
:103B300001282DD1002201215648FEF7CDFE4FF479
:103B4000807202215348FEF7C7FE4FF480720121B4
:103B50005148FEF7C1FE4FF4807202214E48FEF735
:103B6000BBFE002201214B48FEF7C8FC4FF48072D7
:103B700002214848FEF7C2FC4FF4807201214648FA
:103B8000FEF7BCFC4FF4807202214348FEF7B6FCFE
:103B900042480088012829D13C480088012825D1C5
:103BA0003B480088012821D100BF80F3138800BF63
:103BB00000BF00BF00BF00BF00BFBFF34F8F00BFFB
:103BC00000BF00BF3648006800F4E0603549084394
:103BD000001D3349086000BF00BF00BFBFF34F8F17
:103BE00000BF00BF00BF00BF00BFFDE72648006860
:103BF000052190FBF1F201FB120028B91F48FEF7E6
:103C0000C1FD1F48FEF7BEFD1F480068052190FB5F
:103C1000F1F201FB120008B9F7F786F8EDF7B4F9F5
:103C2000ECF702FEFBF762FCF7F7D0FA1548EDF768
:103C300009FEB0EE408A9FED1C0A30EE480A1B4890
:103C400080ED000A90ED000AB5EEC00AF1EE10FA20
:103C500003DB90ED000AEDF7D7FD0B480068401C30
:103C60000949086000BF4BE7CDCCCC3D5B0D00207F
:103C7000140B0024333333333333D33F603D0024FC
:103C8000803D0024040000200C000020D80100200A
:103C9000DE0100207406002414070024DA0100204D
:103CA0000CED00E00000FA056F12833A08000020D6
:103CB00070B504460D46002008E0C0F1620204F130
:103CC000B0018A5CC0F16303CA54401C6328F4DB72
:103CD000252007490870252229460648ECF71CFCD8
:103CE0002522294604F18700ECF716FC70BD000080
:103CF000D00500242C3D002410B504461448006A69
:103D0000C4F86D001348006AC4F871001248006AD4
:103D1000C4F875001148006AC4F87900104890EDA5
:103D2000000BB7EEC00B10EE100AC4F87D000D4872
:103D300090ED000BB7EEC00B10EE100AC4F8810036
:103D4000204600F011F81B212046EDF783F810BD46
:103D5000AC0600200007002054070020A807002020
:103D6000200500241805002470B52DED028B0446B3
:103D700004F1AC00EDF766FDB0EE408A94ED190A4F
:103D800030EE080A84ED190A0026002500200FE015
:103D900004F1B001095C012901D1761C07E004F1AE
:103DA000B001095C022901D16D1C00E002E0401C59
:103DB0006428EDDB00BFA81900280CDDA81900EE6F
:103DC000100AF8EEC00A00EE105AB8EEC00A80EEF3
:103DD000201A84ED1A1A5A2084F86C001B2104F171
:103DE0006C00ECF75BFE1B2204F16C012046ECF743
:103DF000D8FBBDEC028B70BD2DE9F04F2DED068B8D
:103E000083B082460C46B0EE40AAB0EE608AF0EE77
:103E1000418AB0EE619AF0EE429A1FFA84FB1020BC
:103E2000B2EE091AFAEE090AB0EE4A0AFEF71EFFD0
:103E300085B20C209FED2A1ADFED2A0AB0EE480A5F
:103E4000FEF714FF86B20C209FED271ADFED270A3C
:103E5000B0EE680AFEF70AFF87B20C20B1EE041A32
:103E6000DFED220AB0EE490AFEF700FF1FFA80F8E4
:103E70000C209FED1F1ADFED1F0AB0EE690AFEF756
:103E8000F5FE1FFA80F928128DF80400E8B28DF8CB
:103E90000500C6F307108DF806003007000E40EA53
:103EA00027208DF80700F8B28DF80800C8F3071036
:103EB0008DF809004FEA0870000E40EA29208DF8BD
:103EC0000A0009F0FF008DF80B00082301AA5946EB
:103ED0005046FEF78DFE03B0BDEC068BBDE8F08FBB
:103EE00000003442000034C20000FA430000000029
:103EF00000005842000058C28948007800287DD14F
:103F0000DFED880AB0EE600A8748008878B18748FC
:103F1000008860B9864890ED001BF2EE040A60EE5E
:103F2000200AB7EEE02A31EE021B80ED001B7F482D
:103F3000008878B17C48008860B97D4890ED001B0E
:103F4000F2EE040A60EE200AB7EEE02A31EE421BE0
:103F500080ED001B7548008838B97348008820B987
:103F60009FED741B724880ED001B714890ED001BA3
:103F7000DFED720A60EE200AB7EEE02AB4EEC21B53
:103F8000F1EE10FA07DDDFED6D0A60EE200AB7EE04
:103F9000E01A80ED001B664890ED001BDFED680A1B
:103FA00060EE200AB7EEE02AB4EEC21BF1EE10FA82
:103FB00007D2DFED630A60EE200AB7EEE01A80ED6B
:103FC000001B6048008858B15F48008840B95F48CE
:103FD000D0ED000AB1EE081A41EE000AC0ED000A69
:103FE0005948008868B15748008850B95748D0ED03
:103FF000000AB1EE081A41EE400A00E08EE0C0ED82
:10400000000A5148008838B94E48008820B9DFEDD1
:10401000500A4E48C0ED000A4C48D0ED000A60EE50
:10402000A00A90ED001A60EE810AB7EEE01A40484F
:1040300080ED021B4548D0ED000A9FED461AF4EED4
:10404000C10AF1EE10FA03DDDFED420AC0ED000A0D
:104050003E48D0ED000A9FED401AF4EEC10AF1EEA1
:1040600010FA03D2DFED3C0AC0ED000A304890EDB3
:10407000021BDFED320A60EE200AB7EEE02AB4EE52
:10408000C21BF1EE10FA07DDDFED2C0A60EE200A0C
:10409000B7EEE01A80ED021B254890ED021BDFED24
:1040A000280A60EE200AB7EEE02AB4EEC21BF1EE59
:1040B00010FA07D2DFED220A60EE200AB7EEE01A0E
:1040C00080ED021B2548007810B325480078F8B130
:1040D0001E4890ED001AF2EE0A1AC1EE210AB7EE60
:1040E000001A30EE811A1F48B0F90E0000EE900A57
:1040F000F8EEE00AF1EE600AF7EE001A60EEA10AAF
:1041000061EE200AB7EEE01A094880ED041B04E0D6
:104110009FED081B064880ED041B00BF70470000A0
:1041200068030020295C0F3ED2010020D00100204E
:10413000780B002000000000000000000000FA449E
:104140000000FAC4CC010020CE010020440300206E
:104150000000000000003042000030C2ED010020ED
:10416000EC010020F0290024174890ED000ADFED53
:10417000170A30EE200A164880ED000A154890ED27
:10418000000ADFED150A30EE200A114880ED010A21
:10419000124890ED000ADFED120A30EE200A0C48BA
:1041A00080ED020A0F4890ED000ADFED0F0A30EEB5
:1041B000200A074880ED030A0C4890ED000A0448E5
:1041C00080ED040A70470000B0030020713D8ABEF4
:1041D000980B0020B4030020BC7413BCB80300206B
:1041E00031082C3DBC0300201283C0BDC003002059
:1041F00010B5364890ED000ADFED350AB4EEE00A5E
:10420000F1EE10FA03DD9FED320A80ED000A2F482F
:1042100090ED000AB5EEC00AF1EE10FA03D29FED60
:104220002D0A80ED000A294890ED010ADFED2A0AE7
:10423000B4EEE00AF1EE10FA03DD9FED270A80EDFF
:10424000010A224890ED010ADFED240AB4EEE00AEB
:10425000F1EE10FA03D29FED210A80ED010A1B480E
:1042600090ED011AF0EE410A90ED001AB0EE410A0D
:104270001B48FEF78FF81A4890ED000A134880EDAE
:10428000000A174890ED010A104880ED010A144811
:1042900090ED011AF0EE410A90ED001AB0EE410ADD
:1042A00010490220DFED101A9FED0F1A01F088FB74
:1042B0000C4890ED000A0D4880ED000A094890ED89
:1042C000010A0B4880ED000A10BD000034030020F5
:1042D0000000DC43000000000000C843000064C38D
:1042E0003C0300202C03002000005C43B0030020AE
:1042F000B403002070B52DED048B0646B0EE409B54
:104300000D469FED120BB0EE408B002416E0281BEB
:10431000401E00EE100AB8EEC00BB0EE401BB0EE2F
:10432000490BFBF7ADFC06EBC40090ED002BB0EEA3
:10433000481B00EE021BB0EE418B641CAC42E6DB76
:10434000B0EE480BBDEC048B70BD00000000000017
:10435000000000002DE9F3412DED020B82B007466D
:104360000E4606F580701FFA80F802AC03AD207887
:104370008DF8000060788DF80100A0788DF80200BB
:10438000E0788DF8030028788DF8040068788DF8BF
:104390000500A8788DF80600E8788DF80700082356
:1043A0006A4641463846FEF723FC06B0BDE8F08178
:1043B00000B52DED0E8B85B09048008800287DD08B
:1043C00001208F4908708F48006838B98E4890EDF9
:1043D000000BB7EEC00B8D4880ED000AB7EE008AE7
:1043E0008B48D0ED009A8B4890ED080ADFED8A0AE1
:1043F00070EE608AB7EEE80AFBF7EAFBB7EEC81A80
:1044000020EE01CBB7EEE90AFBF7E2FB2CEE000B46
:10441000B7EEC0ABB7EEE80AFBF7DAFBB7EEC81AA7
:1044200020EE01CBB7EEE90AFCF7A6F82CEE000B64
:10443000F7EEC0ABB7EEE80AFCF79EF8B7EEC81A85
:1044400020EE010BB7EEC09BB6EE00BAF6EE00BA56
:104450009FED72DADFED72DA9FED72EADFED72EA5C
:10446000724890ED000A8DED030A90ED010A8DED82
:10447000040A90ED000A0BEE0A0A80ED000A90EDA6
:10448000010A0BEEAA0A80ED010A90ED000A8DEDFB
:10449000010A90ED010A8DED020A90ED000ADFEDB0
:1044A000640AB4EEE00AF1EE10FA03DD9FED600A53
:1044B00080ED000A5D4890ED000A00E094E0B5EE62
:1044C000C00AF1EE10FA03D29FED5A0A80ED000AFD
:1044D000564890ED010ADFED580AB4EEE00AF1EE1D
:1044E00010FA03DD9FED540A80ED010A4F4890ED6C
:1044F000010ADFED520AB4EEE00AF1EE10FA03D23F
:104500009FED4E0A80ED010A484890ED011AF0EE49
:10451000410A90ED001AB0EE410A4948FDF73AFF12
:10452000474890ED000A414880ED000A444890ED6C
:10453000010A3E4880ED010A90ED000ADDED010A16
:10454000B4EE600AF1EE10FA08D190ED010ADDED4B
:10455000020AB4EE600AF1EE10FA17D09DED030ADC
:10456000324880ED000A9DED040A80ED010AB1EEAB
:104570006E0A20EE2A0AB7EEC00A324880ED000B20
:104580002EEE0A0AB7EEC00A80ED020BB5EEC09A15
:10459000F1EE10FA07DB1D4890ED000A0DEE890AD6
:1045A00080ED000A06E0194890ED000A0DEE090AB8
:1045B00080ED000A154890ED000AB5EEC00AF1EE54
:1045C00010FA03D29FED1B0A80ED000A1E480F4926
:1045D00091ED000AB7EEC00AFFF736F90948006806
:1045E000401C0849086004E00020064908600449AE
:1045F000087005B0BDEC0E8B00BD0000DE01002090
:1046000068030020600300201805002464030020D4
:10461000D8030020A8070020CDCCCC3D0AD7233EEC
:104620003D0A173F000090420000CC4234030020B6
:104630000000DC43000000000000C843000064C329
:104640003C030020780B0020C003002070B5044616
:104650000D4694ED002B22EE022B94ED023B94EDDF
:10466000024B03EE042B94ED043B94ED044B03EE5C
:10467000442B94ED063B94ED064B03EE442BB0EE39
:10468000421B94ED002B94ED063B22EE032B94EDA0
:10469000023B94ED044B03EE042BB0EE003B22EE04
:1046A000032BB0EE420BFBF7AFF985ED000B94ED59
:1046B000000B94ED041B20EE010B94ED061B94ED12
:1046C000022B01EE420BB0EE001B20EE010BB7EE09
:1046D000001BB4EEC10BF1EE10FA16DC94ED000BEA
:1046E00094ED041B20EE010B94ED061B94ED022BC0
:1046F00001EE420BB0EE001B20EE010BBFEE001BE3
:10470000B4EEC10BF1EE10FA00D270BD94ED001BB7
:1047100094ED042B21EE021B94ED062B94ED023B4D
:1047200002EE431BB0EE002B21EE021BB0EE410B5C
:10473000FAF766FF85ED020B94ED002B22EE022BBB
:1047400094ED023B94ED024B03EE442B94ED043BBD
:1047500094ED044B03EE442B94ED063B94ED064B95
:1047600003EE042BB0EE421B94ED002B94ED023BC4
:1047700022EE032B94ED043B94ED064B03EE042B49
:10478000B0EE003B22EE032BB0EE420BFBF73CF900
:1047900085ED040B00BFB8E700B5C948008850BBE1
:1047A000C848008838BBC848007810B1C7480078AE
:1047B00008BBC748B0F90E00322190FBF1F000EEC3
:1047C000100AB8EEC00AC348D0ED010A30EEC00AA4
:1047D00080ED010ABE48B0F910001E2190FBF1F0F7
:1047E00000EE100AB8EEC00ABA48D0ED000A30EE6A
:1047F000C00A80ED000AB648B0F90000642810DD58
:10480000B348B0F90600F02190FBF1F000EE100A79
:10481000B8EEC00AAF48D0ED000A30EE200A80EDB5
:10482000000AAB48B0F9000010F1640F10DAA84894
:10483000B0F90600F02190FBF1F000EE100AB8EE9E
:10484000C00AA448D0ED000A30EE200A80ED000A2C
:104850009F48B0F90200642810DD9D48B0F90200BD
:10486000F02190FBF1F000EE100AB8EEC00A994872
:10487000D0ED010A30EEC00A80ED010A9448B0F98B
:10488000020010F1640F10DA9148B0F90200F02133
:1048900090FBF1F000EE100AB8EEC00A8D48D0EDA2
:1048A000010A30EEC00A80ED010A85480088002820
:1048B00071D18548007818B18448007800286AD101
:1048C00080480088E8B38248B0F90E00022813DD62
:1048D0007F48B0F90E0000EE100AB8EEC01B7E480B
:1048E00090ED000AB7EEC00A9FED7C2B02EE410B63
:1048F000B7EEC00B80ED000A7548B0F90E0010F15C
:10490000020F13DA7248B0F90E0000EE100AB8EE8A
:10491000C01B714890ED000AB7EEC00A9FED6F2BE7
:1049200002EE410BB7EEC00B80ED000A6848B0F90B
:104930001000022815DD6648B0F9100000EE100ADC
:1049400000E028E0B8EEC01B664890ED000AB7EE24
:10495000C00A9FED652B02EE410BB7EEC00B80ED58
:10496000000A5B48B0F9100010F1020F13DA584842
:10497000B0F9100000EE100AB8EEC01B594890EDD7
:10498000000AB7EEC00A9FED582B02EE410BB7EEBE
:10499000C00B80ED000A5648008810B955480088C1
:1049A00018B30120544988775248008800EE100A55
:1049B000B8EE400AF7EE000A20EE200A4C480088C4
:1049C00000EE900AF8EE600AB7EE001A01EE600AF7
:1049D000B7EEC00A494890ED001B30EE010BB7EE70
:1049E000C00B084680ED060A02E0032042498877A2
:1049F00035480078E8B935480078D0B93448C07AED
:104A0000022804D19FED3E0A3E4880ED000A30485E
:104A1000C07A012804D19FED3C0A3A4880ED000A93
:104A20002B48C07A032804D19FED380A354880ED21
:104A3000000A2448008820BB2348007860B123483E
:104A4000007848B92F4890ED000AF2EE040A30EEE3
:104A5000200A80ED000A14E01C48007860B11A4872
:104A6000007848B9274890ED000AF2EE040A30EECB
:104A7000600A80ED000A04E09FED240A214880EDE1
:104A8000000A204890ED000ADFED210AB4EEE00AAA
:104A9000F1EE10FA03DD9FED1E0A80ED000A1948C1
:104AA00090ED000ADFED1B0AB4EEE00AF1EE10FA19
:104AB00003D29FED180A80ED000A01F081F900BDD4
:104AC000D8010020DA010020EC010020ED010020D7
:104AD000F029002434030020D80300202D431CEBD0
:104AE000E2361A3FBC0300202D431CEBE2362A3F7E
:104AF000D4010020D6010020980B002020050024BE
:104B0000000096C3C0030020000096430000000090
:104B10000000C8430000C8C310B51548008803282A
:104B200006D100201349887013491248FDF764FE2E
:104B30000F480088042806D10020104988700E49CB
:104B40000E48FDF759FE0E48008840F205218842C4
:104B500003D10C490C48F4F789FF0948008840F25A
:104B60000621884203D107490848F4F7BBFE10BD6F
:104B70008C000020AC0600208400002000070020EC
:104B8000820000207A000020A03B0024403B00244B
:104B9000F8B504460D4600260027002000900521A8
:104BA0002846FAF7DFFC002871D0286820602879B1
:104BB00020712078A5286AD1B4F8016006F10907B0
:104BC00039462846FAF7AEFC0028EDD0B5F80500C6
:104BD0000090BDF8001040F20A22881A914272D06B
:104BE00024DC40F20222A1EB020091426DD015DCE0
:104BF00040F20112A1EB0200914249D006DC0129EA
:104C00002ED0022939D003296FD139E0032844D0AE
:104C100004284AD0B0F5807FF6D14DE0082864D250
:104C2000DFE800F0FF5A64FF6F73838CF92877D0B8
:104C30000EDC042875D006DC012873D0022872D05F
:104C40000328E1D193E0F7286ED0F828DCD1A4E066
:104C5000FA380628E3D2DFE800F0B3BFC6CFD6DDCE
:104C600055F8070F44F8050F6868606028892081AF
:104C7000A87AED1FA072641FD4E0E8792074D1E017
:104C80002022E91D04F11100EBF746FCCAE0CAE05E
:104C9000D5F80700C4F83100C4E0B5F80700A4F85F
:104CA0003500687A84F83700BCE0B5F80700208743
:104CB000687A84F83A00B5E00D22E91D04F13B0062
:104CC000EBF72AFCAEE03EE0FFE71022E91D04F11D
:104CD0004800EBF721FCA5E055F8070FA0656868D0
:104CE000E065A868ED1F20669CE09AE0D5F8070013
:104CF0006066B5F80B00A4F86800687B84F86A0069
:104D000090E0E87984F86B008CE0D5F80700E06665
:104D1000B5F80B00A4F87000687B84F8720081E09D
:104D200042E02FE018E01EE030E0D5F80700C4F8BC
:104D30007300B5F80B00A4F8770073E0D5F807000E
:104D4000C4F879006EE0D5F80700C4F87D00B5F826
:104D50000B00A4F8810065E02822E91D04F183001E
:104D6000EBF7DAFB5EE0E97984F8AB105AE004F186
:104D70008000D5F80710C4F8AC10B5F80B10A4F8F3
:104D8000B0104FE0E97984F8B2104BE07622E91DCB
:104D900004F1B300EBF7C0FB44E01E22E91D04F56B
:104DA0009770EBF7B9FB3DE055F8071FC4F84C11BD
:104DB0006968C4F85011A968ED1FC4F8541131E0B6
:104DC00055F8071FC4F858116968C4F85C11A96840
:104DD000ED1FC4F8601125E01822E91D04F5B2703A
:104DE000EBF79AFB1EE0D5F80710C4F87C11D5F854
:104DF0000B10C4F8801115E06922E91D04F5C2709A
:104E0000EBF78AFB0EE02222E91D04F2ED10EBF72E
:104E100083FB07E01E22E91D04F20F20EBF77CFB69
:104E200000E000BF00BFF8BD70B504464FF4B0709D
:104E3000055D05F001007649088005F0020075491E
:104E4000088005F004007449088005F008007349E3
:104E5000088005F040007249088005F08000714923
:104E6000088005F010007049088005F020006F49A7
:104E70000880B4F8600100F480706D490880B4F8CF
:104E8000600100F400706B490880B4F8600100F420
:104E9000806069490880B4F8600100F400606749E7
:104EA0000880B4F8600100F4805065490880B4F8C7
:104EB000600100F4005063490880B4F8600100F418
:104EC000804061490880B4F8600100F400405F4907
:104ED00008805F4890F85E015E4908705C4890F871
:104EE0005F015D4908704A48008810B101204849B7
:104EF00008804848008810B101204649088046488B
:104F0000008810B10120444908804448008810B14D
:104F10000120424908804248008810B101204049E0
:104F200008804048008810B101203E4908803E4872
:104F3000008810B101203C4908803C48008810B12D
:104F400001203A4908804348007810B101204149C6
:104F500008704148007810B101203F49087034487A
:104F6000008810B10120324908803248008810B111
:104F70000120304908803048008810B101202E49B6
:104F800008802E48008810B101202C4908802C4848
:104F9000008810B101202A4908802A48008810B1F1
:104FA0000120284908802848008810B1012026499E
:104FB00008802648008810B101202449088027482D
:104FC0000088264948802248B0F8600108802449BA
:104FD000224800F0A7FF2349204800F0A3FF224900
:104FE0001E4800F09FFF21491C4800F09BFF20490C
:104FF0001A4800F097FF1F49184800F093FF1E4918
:10500000164800F08FFF1D49144800F08BFF70BD5B
:105010007402002076020020780200207A0200202C
:105020007C0200207E0200208002002082020020FC
:105030008402002086020020880200208A020020CC
:105040008C0200208E02002090020020920200209C
:10505000CC2D00249402002095020020960200200E
:105060009A020020A6020020B2020020BE02002008
:10507000D6020020CA020020E2020020EE02002038
:10508000F648807E01287DD1F548807E0228FAD13D
:10509000F448B0F85801F449C881F248B0F85A1100
:1050A000F1480182EF48B0F85C11EF484182EF48C7
:1050B000EF4909680A6802604A684260896881604D
:1050C000EC48ED4909680A6802604A6842608968EC
:1050D0008160EA48EA4909680A6802604A684260F1
:1050E00089688160E748E84909680A6802604A6897
:1050F000426089688160E548E54909680A6802609C
:105100004A68426089688160E248E34909680A6840
:1051100002604A68426089688160E048E049096845
:105120000A6802604A68426089688160DD49DE4839
:10513000006802680A6042684A6080688860CB48FC
:10514000CB490860CB48CC490860CC48CC490860C2
:10515000CC48CD490860CD48CD490860CD48CE49FE
:105160000860CE48CE490860CE48CF49086000208C
:10517000CE490880CE490880CE490880CE490880B3
:10518000CE4900E01AE00880CD490880CD4908806A
:10519000CD490880CD490870CD490870CD490880B7
:1051A000CD490880CD490880CD490880CD49088087
:1051B000CD490880CD490880CD490880A748807E28
:1051C000022803D1A648807E012807D0A348807E0C
:1051D00001287DD1A248807E0128FAD1C549A44882
:1051E000006802680A6042684A6080688860C24954
:1051F000A148006802680A6042684A608068886066
:10520000BE489F4909680A6802604A684260896826
:105210008160BB489C4909680A6802604A6842602C
:1052200089688160B7489A4909680A6802604A68D3
:10523000426089688160B4499748006802680A60E2
:1052400042684A6080688860B04995480068026892
:105250000A6042684A6080688860AD48924909687F
:105260000A6802604A68426089688160A148804992
:105270000860A14880490860A04881490860A048AA
:10528000814908609F48824908609F4882490860B8
:105290009E48834908609E488349086000209D49D4
:1052A00008809D4908809D4908809D4908809D4946
:1052B00008809D4908809D4908809D4908809D4936
:1052C00008709D4908709D4908809D49088000E04C
:1052D0000BE09C4908809C4908809C4908809C49B7
:1052E00008809C4908809C4908807048008810B953
:1052F0008848008808B1012000E000209749088014
:105300006B48008810B98448008808B1012000E08B
:105310000020934908806748008810B97F480088BA
:1053200008B1012000E000208E4908806248008812
:1053300010B97B48008808B1012000E000208A49AC
:1053400008805E48008810B97648008808B10120BE
:1053500000E00020854908805948008810B972484B
:10536000008808B1012000E00020814908805548EC
:10537000008810B96D48008808B1012000E00020C5
:105380007C4908805048008810B96948008808B1F5
:10539000012000E00020784908804C48007810B9CE
:1053A0006448007808B1012000E0002073490870CB
:1053B0004748007810B96048007808B1012000E043
:1053C00000206F4908704348008810B95B48008886
:1053D00008B1012000E000206A4908803E480088AA
:1053E00010B95748008808B1012000E00020664944
:1053F00008803A48008810B95248008808B1012056
:1054000000E00020614908803548008810B94E4806
:10541000008808B1012000E000205D490880314883
:10542000008810B94948008808B1012000E0002038
:10543000584908802C48008810B94548008808B1B0
:10544000012000E00020544908802848008810B955
:105450004048008808B10120A1E09FE0603D0024A1
:10546000803D0024CC2D0024F02900249A02002045
:10547000FC020020A602002000030020B20200204F
:1054800004030020BE02002008030020CA020020FE
:105490000C030020D602002010030020E2020020AE
:1054A00014030020EE02002018030020EE0100206B
:1054B000F0010020F2010020F4010020F60100209C
:1054C000F8010020FA010020FC0100200E0200205B
:1054D0000F020020FE010020000200200202002036
:1054E0000402002006020020080200200A02002018
:1054F0000C02002014020020200200202C020020B8
:105500003802002044020020500200205C020020EB
:105510006802002074020020760200207802002039
:105520007A0200207C0200207E02002080020020FF
:1055300082020020940200209502002084020020B4
:1055400086020020880200208A0200208C020020AF
:105550008E0200209002002092020020CC01002048
:10556000CE010020D0010020D2010020D401002073
:10557000D6010020D8010020DA010020EC01002033
:10558000ED010020DC010020DE010020E001002010
:10559000E2010020E4010020E6010020002007498C
:1055A00008800748008810B90648008808B1012023
:1055B00000E000200449088070470000E801002056
:1055C0000C02002092020020EA01002010B50446DF
:1055D000A52084F82D02332104F22D20A4F82E12E8
:1055E0000521EBF773FA184940F23120D4F82D2247
:1055F0000A60005D087140F2013104F22D20A4F828
:1056000032121149B4F83202A1F80500B4F834029C
:10561000A1F80700B4F83602A1F80900B4F838027E
:10562000A1F80B002D2204F23A2107480D30EAF7C9
:1056300073FF3C210448EBF731FA3C22024903484E
:10564000F4F7BEF810BD0000EED60024580900247F
:105650002DE9FF5F05468A461F46DDE90FB8DDE903
:105660001194002609E01AF80600C4EB0411934ACD
:105670001144C6F102028854761C032E03DA1AF88C
:1056800006000028EFD18E48005D002871D101206E
:105690008B490855C4EB04108849084400796BF322
:1056A0008500C4EB0411854A11440871C4EB041051
:1056B00011460844C07820F00700401CC4EB0411D8
:1056C0001144C870C4EB041011460844C07820F09F
:1056D00038003830C4EB04111144C870C4EB041016
:1056E00011460844B0F8030020F47070C4EB0411B4
:1056F0001144A1F80300C4EB0411114489880E98E9
:1057000060F38E11C4EB041010448180C4EB0410CC
:1057100011460844B0F8050067F3CF10C4EB04113C
:105720001144A1F80500C4EB041011460844B0F878
:1057300007006FF30900801CC4EB04111144A1F8A9
:105740000700C4EB041011460844008968F38C007C
:10575000C4EB041111440881C4EB04101146084441
:10576000B0F8090069F34F10C4EB04111144A1F81B
:1057700009005348005D00286ED0C4EB04104F4967
:10578000084400796BF38500C4EB04114B4A1144C3
:105790000871C4EB041011460844C07820F00700DB
:1057A000801CC4EB04111144C870C4EB04101146F2
:1057B0000844C07820F038003830C4EB041111449C
:1057C000C870C4EB041011460844B0F8030020F47C
:1057D0007070C4EB04111144A1F80300C4EB041170
:1057E000114489880E9860F38E11C4EB04101044A4
:1057F0008180C4EB041011460844B0F8050067F33B
:10580000CF10C4EB04111144A1F80500C4EB04103F
:1058100011460844B0F807006FF30900801CC4EB80
:1058200004111144A1F80700C4EB04101146084408
:10583000008968F38C00C4EB041111440881C4EBA7
:10584000041011460844B0F8090069F34F10C4EB86
:1058500004111144A1F809004FF4887105F22D20BC
:10586000A5F834121398022808D1022105F22D2040
:10587000A5F836124FF48171A5F8381213986628EE
:1058800008D1662105F22D20A5F836124FF4B37128
:10589000A5F838122D21C5F8AA12C4EB0410074A46
:1058A00081180F2205F23A20EAF736FE3A4605F251
:1058B00049200299EAF730FEBDE8FF9FA431002499
:1058C0008037002410B52DED0A8BB0EE408BB0EE82
:1058D000419B0446B7EEC80AFAF77AF9B7EEC00B57
:1058E000B0EE40AA38EE281AB7EEC11AB0EE410B5E
:1058F000FAF76EF9B7EEC00BF0EE40AAB7EEC80AA1
:10590000FAF73AFEB7EEC00BB0EE40BA38EE281AFE
:10591000B7EEC11AB0EE410BFAF72EFEB7EEC00B90
:10592000F0EE40BABFEE000AF4EEC0AAF1EE10FAB3
:1059300030D3B7EE000AF4EEC0AAF1EE10FA29DC7B
:10594000B7EE000AB4EEC0AAF1EE10FA22DCBFEE08
:10595000000AB4EEC0AAF1EE10FA1BD3BFEE000AA3
:10596000F4EEC0BAF1EE10FA14D3B7EE000AF4EE7A
:10597000C0BAF1EE10FA0DDCB7EE000AB4EEC0BA10
:10598000F1EE10FA06DCBFEE000AB4EEC0BAF1EE9A
:1059900010FA02D2BDEC0A8B10BD29EE0A0AB0EE55
:1059A00040CA09EEAACA29EE0B0AF0EE40CA49EE37
:1059B000ABCA84ED00CAC4ED01CA00BFEAE700002B
:1059C00070B52DED0A8BB0EE409BF0EE418AB0EE43
:1059D000618A04460D46B0EE001BB7EEC90AFAF71D
:1059E0004FF9B0EE40CBB0EE001BB7EEE90AFAF784
:1059F00047F93CEE00CB38EE881AB7EEC11AB0EE8C
:105A0000410BB0EE001BFAF73BF9B4EEC0CBF1EE60
:105A100010FA27DDB7EEC91AB7EEE90AF9F7F4FF75
:105A2000B0EE40CBFAF7D4F838EE881AB7EEC11AC8
:105A300020EE010BB7EEC00BB0EE409AB7EEC91ADC
:105A4000B7EEE90AF9F7E0FFB0EE40CBFAF794FDC4
:105A500038EE881AB7EEC11A20EE010BB7EEC00B74
:105A6000F0EE409AB0EE001BB7EEC90AFAF708F95B
:105A7000B0EE40CBB0EE001BB7EEE90AFAF700F942
:105A80003CEE00CBB0EE001BB7EEE80AFAF7F8F8F0
:105A90003CEE40CBB0EE001BB7EEC80AFAF7F0F8C8
:105AA0003CEE400BB0EE001A28EE811A21EE081AE7
:105AB000B7EEC11A80EE012BB7EEC2AB9FED39BA3B
:105AC000B0EE001BB7EECA0AFAF7DAF8B7EE001B21
:105AD00031EE400BF7EEC0ABDFED33BAF5EEC0AA06
:105AE000F1EE10FA0ED2B1EE6B0AF4EEC0AAF1EEAE
:105AF00010FA04DD9FED2B0AF0EE40AA02E0BDECA7
:105B00000A8B70BDB7EE000AB4EEC0AAF1EE10FA2F
:105B100006DCBFEE000AB4EEC0AAF1EE10FA00D225
:105B2000EDE7012C08D1B7EEEA0AFAF77DFDB7EEF2
:105B3000C00BB0EE40BA0BE0022C09D1B7EEEA0A76
:105B4000FAF772FDB1EE400BB7EEC00BB0EE40BA03
:105B5000B7EECA1AB7EECB0AF9F756FFB7EEC00B8D
:105B600085ED010AB7EEC91AB7EEE90AF9F74CFF5D
:105B7000B0EE40CBB0EE682A08EE0A2AB7EEC22A91
:105B8000B0EE421B28EE0B2AB7EEC22AB0EE420B53
:105B9000F9F73AFF3CEE400BB7EEC00B85ED000A7B
:105BA00000BFACE700000000CDCCCC3D08B53D48BF
:105BB00090ED0E1BF7EEC10BB0EE600A3A4890ED87
:105BC000001BF7EEC10B3948F4F7CCFDB7EEC00A65
:105BD000374880ED000B374890ED0E1BF7EEC10BF8
:105BE000B0EE600A344890ED001BF7EEC10B33486D
:105BF000F4F7B8FDB7EEC00A314880ED000B31482C
:105C000090ED0E1BF7EEC10BB0EE600A2E4890ED42
:105C1000001BF7EEC10B2D48F4F7A4FDB7EEC00A48
:105C20002B4880ED000B2B4890ED0E1BF7EEC10BBF
:105C3000B0EE600A284890ED001BF7EEC10B274834
:105C4000F4F790FDB7EEC00A254880ED000B25481B
:105C500000901B4890ED000BBDEEC00B10EE100A3B
:105C600003B21B4890ED000BBDEEC00B10EE100A06
:105C700002B21B4890ED000BBDEEC00B10EE100AF7
:105C800001B20B4890ED000BBDEEC00B10EE100AF8
:105C900000B200F03AF80823124A99011248FCF7C2
:105CA000A7FF08BD0008002050050024E0090020DF
:105CB0007005002478080020580500242C0A0020D4
:105CC00078050024F008002060050024780A0020F0
:105CD000800500246809002068050024C40A00200B
:105CE00088050024B0050024D405002430B5039CA9
:105CF000050A257060700D0AA570E170150A2571FE
:105D000062711D0AA571E37130BD30B5039C050AAF
:105D1000257060700D0AA570E170150A2571627119
:105D20001D0AA571E37130BD00B541EC100B2DEDDE
:105D3000028B83B0B1EEC08B18EE100A18EE901AE9
:105D40008DED008B002818BF0120084320F0004093
:105D5000C0F17F6000F1E040C00F14D010EE101AC7
:105D600010EE900A8DED000B002918BF01210843A9
:105D700020F00040C0F17F6000F1E040C00F04BFA0
:105D80000120EAF76FFC51EC180B03B0BDEC028B5D
:105D900000BD000008490968088800EBD07149106F
:105DA000A0EB4101012903D101200449C87702E099
:105DB00000200249C877704714030020980B002088
:105DC000134800680088032190FBF1F201FB1200E8
:105DD00018B900200F4981F825000D480068008897
:105DE000032190FBF1F201FB1200012802D10949C5
:105DF00081F82500064800680088032190FBF1F235
:105E000001FB1200022802D1024981F825007047E7
:105E10000C030020980B002010B52DED028BB0EE86
:105E2000408B0A4890ED0A1BF7EEC10BB0EE600AFA
:105E3000F7EEC80B0648F4F795FCB7EEC00A054824
:105E400080ED000BBDEC028B10BD0000403B002438
:105E5000483A0024C8040024B0EE401A30EEC10ACB
:105E6000F0EE401AB0EE412A00EE100AB8EEC00A79
:105E700060EE212A01228A40521E00EE102AB8EE5E
:105E8000C03A82EE830A30EE020A704770B50546CA
:105E90000C46A27969882888FDF746F978B1E1793E
:105EA0002888FDF735F950B9217A2888FDF730F9AF
:105EB00028B92088401C20800120607201E0002069
:105EC0006072A27969882888FDF72EF978B1E179A6
:105ED0002888FDF71DF950B1217A2888FDF718F9B7
:105EE00028B96088401C60800120A07201E0002079
:105EF000A072A27969882888FDF716F978B1E1794E
:105F00002888FDF705F950B9217A2888FDF700F9AE
:105F100028B1A088401CA0800120E07201E0002090
:105F2000E07270BD70B505460C46A2796988288874
:105F3000FDF709F978B1E1792888FDF7EFF850B954
:105F4000217A2888FDF7EAF828B92088401C2080AB
:105F50000120607201E000206072A27969882888BF
:105F6000FDF7F1F878B1E1792888FDF7D7F850B15D
:105F7000217A2888FDF7D2F828B96088401C608013
:105F80000120A07201E00020A072A279698828880F
:105F9000FDF7D9F878B1E1792888FDF7BFF850B955
:105FA000217A2888FDF7BAF828B1A088401CA08083
:105FB0000120E07201E00020E07270BD2DE9F047A1
:105FC000ADF5126D04460D46174694ED000BBDEE7F
:105FD000C00B10EE100A30B194ED020BBDEEC00BF9
:105FE00010EE100A00B9002495ED000BBDEEC00BB9
:105FF00010EE100A30B195ED020BBDEEC00B10EEA5
:10600000100A00B900256CB965B99FED610B87EDE9
:10601000000B9FED5F0B87ED020B01200DF5126D5C
:10602000BDE8F087B4B9ADB195ED001B95ED022B3D
:10603000B0EE000B01EE020BB2EE001B20EE010BE6
:10604000BCEEC00B10EE102A29463846EAF7A9FA32
:106050000120E3E7B4B1ADB994ED001B94ED022B40
:10606000B0EE000B01EE020BB2EE001B20EE010BB6
:10607000BCEEC00B10EE102A21463846EAF791FA22
:106080000120CBE74FF492610DF59260EAF7BBFA7D
:106090004FF492616846EAF7B6FA94ED000BBDEE54
:1060A000C00B10EE100A94ED020BBDEEC00B10EE0B
:1060B000101A4843801CC20021460DF59260EAF791
:1060C00070FA95ED000BBDEEC00B10EE100A95EDC9
:1060D000020BBDEEC00B10EE101A4843801CC2002C
:1060E00029466846EAF75DFA94ED000BBDEEC00B59
:1060F00010EE108A94ED020BBDEEC00B10EE106A8C
:1061000095ED000BBDEEC00B10EE109A95ED020B55
:10611000BDEEC00B10EE10AAC84501D1564501D006
:1061200000207BE7002022E000211DE006FB00F2BA
:10613000921C0A440DF5926303EBC20292ED000B30
:1061400006FB00F2921C0A446B4603EBC20292ED7E
:10615000001B30EE010B06FB00F2921C0A4407EB19
:10616000C20282ED000B491CB142DFDB401C4045FE
:10617000DADB00EE108AB8EEC00B87ED000B00EE04
:10618000106AB8EEC00B87ED020B012046E7000055
:1061900000000000000000002DE9F34F2DED048BFE
:1061A000ADF6046DDDF8140E90ED000BBDEEC00BE6
:1061B00010EE100A40B1DDF8140E90ED020BBDEEAA
:1061C000C00B10EE100A10B90020CDF8140EDDF847
:1061D000140E90B99FEDFE0BDDF8180E80ED000B4C
:1061E0009FEDFB0BDDF8180E80ED020B01200DF684
:1061F000046DBDEC048BBDE8FC8FDDF8140E90ED52
:10620000000BBDEEC00B10EE105ADDF8140E90ED31
:10621000020BBDEEC00B10EE10BA5D4501D10C2D86
:1062200001DD0020E3E74FF490610DF51860EAF717
:10623000EAF94FF490610DF5A060EAF7E4F94FF444
:10624000906120A8EAF7DFF930210DA8EAF7DBF921
:10625000302101A8EAF7D7F9002016E0002111E06B
:106260000BFB0012921CDDF8143E03EBC20292ED10
:10627000000B01FB05020DF5186303EBC20282ED72
:10628000000B491C5945EBDB401CA842E6DB15B16D
:10629000BBF1000F13D105FB0BF700260CE00DF549
:1062A000186000EBC60090ED000B0DF5A06000EB50
:1062B000C60080ED000B761CBE42F0DB31E2AA4640
:1062C00005FB0BF7002608E09FEDC10B0DF5A06064
:1062D00000EBC60080ED000B761CBE42F4DB05FB34
:1062E0000BF700260BE00DF5186000EBC60090EDF3
:1062F000000B20A800EBC60080ED000B761CBE4210
:10630000F1DB1E9501200D900127022405E07F1C82
:10631000601E0DA941F82070641C1E988442F6DDB1
:106320001B956F1E1995199DAF4200DC19974FF010
:106330000009DCE0AAEB09001A900AF1010009FB50
:1063400000F01F901B98401C09FB00F01D901F9847
:10635000801C1C901A98012802DA4FF0FF3725E0C4
:1063600000271A98012821DD20A91D9801EBC00003
:1063700090ED000BB0EEC00BB0EE409B022412E09B
:106380001F982044401E20A901EBC00090ED000B97
:10639000B0EEC08BB4EEC98BF1EE10FA02DD671ED1
:1063A000B0EE489B641C1A988442E9DD1D9838447D
:1063B00020A901EBC00090ED000BB5EEC00BF1EE93
:1063C00010FA47D047B309EB07001E901E98401CF7
:1063D0000DA941F8290000241CE004FB0AF709EB91
:1063E000070820A800EBC80090ED000BB0EE409B22
:1063F0001E98C61920A800EBC60090ED000B20A83F
:1064000000EBC80080ED000B20A800EBC60080ED7B
:10641000009B641C5445E0DB1A991D984618DDF872
:10642000708015E0A8F1010020A901EBC00090EDFB
:10643000000B1D9801EBC00090ED001B80EE012BBE
:10644000A8F1010001EBC00080ED002B08F101086C
:10645000B045E7DD1F9850441E901B991D9800EB36
:10646000010800201C903BE01C991E9801FB0A07C4
:1064700020A800EBC70090ED000BB0EE409B20A8D9
:1064800000EBC70090ED000BB5EEC00BF1EE10FA7B
:1064900022D008F102061A9840441F90374618E0AF
:1064A000781E20A901EBC00090ED000B1D98384428
:1064B000A0EB0800401E01EBC00090ED001BB1EE08
:1064C000492B01EE020B781E01EBC00080ED000BA2
:1064D0007F1C1F988742E3DDD0441C98401C1C9011
:1064E0001A98801E1C998842BEDA09F10109199890
:1064F0008145FFF61FAF1E95012001900127022460
:1065000005E07F1C601E01A941F82070641C1E98E4
:106510008442F6DD2E46002418E00DA850F8240031
:106520001F90611C1F9888420FDD1F98401E01A913
:1065300051F8207001A850F824101F98401E01AA9D
:1065400042F8201001A840F82470641CB442E4DB37
:1065500000245BE001A850F82460B7EE000B701E29
:1065600005FB00400DF5A06101EBC00080ED000BC4
:1065700004F1010947E0701E05FB0090401E0DF577
:10658000A06101EBC00090ED000BB5EEC00BF1EE89
:1065900010FA36D009F101001F90DDF87C802EE062
:1065A000701E05FB0080401E0DF5A06101EBC000D0
:1065B00090ED000B701E05FB0090401E01EBC0002B
:1065C00090ED001BA9F1010005FB0080401E03E0D7
:1065D000000000000000000020A901EBC00090EDC9
:1065E000002B01EE420B701E05FB0080401E0DF5D6
:1065F000A06101EBC00080ED000B08F10108D0455F
:10660000CEDD09F10109D145B5DD641C5445A1DB9E
:106610004FF0000958E00AFB09F0471E54464FE0CE
:10662000601E00FB0AF0401E1E90E6190DF5A060EA
:1066300000EBC60090ED000BB5EEC00BF1EE10FACA
:106640003DD00DF5A06000EBC60090ED000B1E984C
:10665000204420A901EBC00090ED001B80EE012B2F
:106660000DF5A06000EBC60080ED002B4FF0000898
:1066700022E008EB0700401C1F900DF5A0611F9859
:1066800001EBC00090ED000B084600EBC60090ED5A
:10669000001B1E984044401C20A901EBC00090ED57
:1066A000002B01EE420B0DF5A0611F9801EBC0001D
:1066B00080ED000B08F10108A01E4045D9DA641EE8
:1066C000012CADDA09F10109D145A4DB002016E067
:1066D000002111E001FB05020DF5A06303EBC202EE
:1066E00092ED000B0BFB0012921CDDF8183E03EB41
:1066F000C20282ED000B491CA942EBDB401CA84200
:10670000E6DB00EE105AB8EEC00BDDF8180E80ED97
:10671000000B00EE10BAB8EEC00BDDF8180E80EDDD
:10672000020B012063E500002DE9F047ADF5126D85
:1067300004460E46174694ED000BBDEEC00B10EE5E
:10674000100A30B194ED020BBDEEC00B10EE100A32
:1067500000B9002496ED000BBDEEC00B10EE100A40
:1067600030B196ED020BBDEEC00B10EE100A00B971
:10677000002604B166B99FED510B87ED000B9FED2C
:106780004F0B87ED020B01200DF5126DBDE8F08770
:106790004FF492610DF59260E9F735FF4FF4926185
:1067A0006846E9F730FF94ED000BBDEEC00B10EE2C
:1067B000100A94ED020BBDEEC00B10EE101A484308
:1067C000801CC20021460DF59260E9F7EAFE96EDC5
:1067D000000BBDEEC00B10EE100A96ED020BBDEEE5
:1067E000C00B10EE101A4843801CC20031466846A8
:1067F000E9F7D7FE94ED000BBDEEC00B10EE108A4A
:1068000094ED020BBDEEC00B10EE109A96ED000B4E
:10681000BDEEC00B10EE10AA96ED020BBDEEC00B44
:1068200010EE105AD14501D00020ADE700EE108ADD
:10683000B8EEC00B87ED000B00EE105AB8EEC00B9F
:1068400087ED020B002035E0002130E09FED1B0BAF
:106850008A1C00FB052207EBC20282ED000B00221E
:1068600022E08B1C00FB053307EBC30393ED000B09
:106870008B1C02FB0533EC460CEBC30393ED001BB2
:1068800000FB09F39B1C13440DF5926C0CEBC30346
:1068900093ED002B02EE010B8B1C00FB053307EB85
:1068A000C30383ED000B521C4A45DADB491CA942A5
:1068B000CCDB401C4045C7DB012065E70000000041
:1068C000000000002DE9F047ADF5126D05460C46BD
:1068D000164695ED000BBDEEC00B10EE100A30B160
:1068E00095ED020BBDEEC00B10EE100A00B90025AD
:1068F00094ED000BBDEEC00B10EE100A30B194ED1C
:10690000020BBDEEC00B10EE100A00B900246DB9E9
:1069100064B99FED7B0B86ED000B9FED790B86ED47
:10692000020B01200DF5126DBDE8F087F5BBECB34D
:1069300094ED001B94ED022BB0EE000B01EE020B68
:10694000B2EE001B20EE010BBCEEC00B10EE102AC5
:1069500021463046E9F725FE002029E000211CE011
:1069600094ED020BBDEEC00B10EE102A4243921CB8
:106970000A4406EBC20292ED000BB1EE401B94ED0F
:10698000020BBDEEC00B10EE102A4243921C0A44CB
:1069900006EBC20282ED001B491C94ED020BBDEE1A
:1069A000C00B10EE102A8A42DADC00E00AE0401C3C
:1069B00094ED000BBDEEC00B10EE101A8142CDDC41
:1069C0000120AFE7B5B1ACB995ED001B95ED022BF9
:1069D000B0EE000B01EE020BB2EE001B20EE010B3D
:1069E000BCEEC00B10EE102A29463046E9F7D9FD5F
:1069F000012097E74FF492610DF59260E9F703FEED
:106A00004FF492616846E9F7FEFD95ED000BBDEE8F
:106A1000C00B10EE100A95ED020BBDEEC00B10EE90
:106A2000101A4843801CC20029460DF59260E9F710
:106A3000B8FD94ED000BBDEEC00B10EE100A94ED06
:106A4000020BBDEEC00B10EE101A4843801CC200B2
:106A500021466846E9F7A5FD95ED000BBDEEC00B9C
:106A600010EE108A95ED020BBDEEC00B10EE107A01
:106A700094ED000BBDEEC00B10EE109A94ED020BDE
:106A8000BDEEC00B10EE10AAC84501D1574501D08C
:106A9000002047E7002022E000211DE007FB00F274
:106AA000921C0A440DF5926303EBC20292ED000BB7
:106AB00007FB00F2921C0A446B4603EBC20292ED04
:106AC000001B30EE410B07FB00F2921C0A4406EB60
:106AD000C20282ED000B491CB942DFDB401C40457D
:106AE000DADB00EE108AB8EEC00B86ED000B00EE8C
:106AF000107AB8EEC00B86ED020B012012E7000001
:106B00000000000000000000F0B5ADF2944D044616
:106B10000D4694ED000BBDEEC00B10EE100A30B127
:106B200094ED020BBDEEC00B10EE100A00B900246C
:106B30005CB99FED2B0B85ED000B9FED290B85EDCF
:106B4000020B01200DF2944DF0BD4FF492616846A6
:106B5000E9F759FD94ED000BBDEEC00B10EE100AE5
:106B600094ED020BBDEEC00B10EE101A4843801CD2
:106B7000C20021466846E9F714FD94ED000BBDEE16
:106B8000C00B10EE106A94ED020BBDEEC00B10EEC0
:106B9000107A002014E000210FE007FB0012921C85
:106BA0006B4603EBC20292ED000B821C01FB062236
:106BB00005EBC20282ED000B491CB942EDDB401C23
:106BC000B042E8DB00EE107AB8EEC00B85ED000BAA
:106BD00000EE106AB8EEC00B85ED020B0120B1E7A4
:106BE000000000000000000009490968088800EB67
:106BF000D0714910A0EB4101012904D17820054949
:106C000081F8240003E05A20024981F824007047EB
:106C1000FC020020980B00200C48807E022813D133
:106C20000B48807E02280FD19FED0A0B0B4880EDA8
:106C3000020B9FED080B80ED000B9FED060B80ED26
:106C4000040B01200649C87770470000603D00240E
:106C5000803D00240000000000000000780B0020B0
:106C6000980B0020084890ED080A0848D0ED000A6B
:106C700030EEC00A0648D0ED080A30EE600A05483A
:106C800080ED000A70470000AC060020D803002009
:106C900000070020B803002002494FF0000000F078
:106CA00008B800BF0000F87F4FF04070E1EE100A16
:106CB00070470CF00F03092B08BF082000F0598023
:106CC0000A2B0BD0082B18BF704708BF1CF0400FD1
:106CD0000AD04FF000004FF0000170471CF0400F49
:106CE00018BF4FF0004070471CF0100F08D020F084
:106CF000704300F07F4242EAD3014FEA437070478D
:106D000000F0604021F07F4242EA000201F07F4043
:106D100040EA727070474FF0FF0C4CF4E06C1CEAD4
:106D200011531CBF9CEA030C9445C2BFDA4201EB2D
:106D300002517047002B0DD0BCF1000F0FD0002A7C
:106D400001F00041A4BF41F0E04141F07F614FF00C
:106D50000000704701F000414FF00000704750EA1A
:106D600001334FF09B0C18BF4CF0806C7FF494AF54
:106D700070471CF4801F11D01CF4E02F03D06FEA81
:106D8000CC31490070474FF04050EFF3008222F0C1
:106D9000704242EA000282F3008870474FF0000020
:106DA00070470006101600061016000000010203CE
:106DB00004050607080C10141820304000000000DD
:106DC00000000000000000000000000000000000C3
:106DD00001000000020000000300000004000000A9
:106DE000000000000500000000000000000000009E
:106DF000000000000600000000000000000000008D
:106E0000000000000700000001000200040006006E
:106E100008000A000C001000200040008000000163
:106E20000101010307010000080402040801010137
:106E30000000000001020304010203040607080920
:106E4000FF005EBCE2613FDD83C29C7E20A3FD1F8C
:106E5000419DC3217FFCA2401E5F01E3BD3E6082D5
:106E6000DC237D9FC1421CFEA0E1BF5D0380DE3CB0
:106E700062BEE0025CDF81633D7C22C09E1D43A1B7
:106E8000FF4618FAA427799BC584DA3866E5BB5912
:106E900007DB856739BAE406581947A5FB7826C48D
:106EA0009A653BD987045AB8E6A7F91B45C6987A74
:106EB00024F8A6441A99C7257B3A6486D85B05E76F
:106EC000B98CD2306EEDB3510F4E10F2AC2F7193DE
:106ED000CD114FADF3702ECC92D38D6F31B2EC0E3D
:106EE00050AFF1134DCE90722C6D33D18F0C52B048
:106EF000EE326C8ED0530DEFB1F0AE4C1291CF2D1F
:106F000073CA947628ABF517490856B4EA6937D5A1
:106F10008B5709EBB536688AD495CB2977F4AA4804
:106F200016E9B7550B88D6346A2B7597C94A14F6FB
:106F3000A8742AC896154BA9F7B6E80A54D7896BE6
:106F400035000000891112239B322446AD57366567
:106F5000BF74488CC19D5AAFD3BE6CCAE5DB7EE9D5
:106F6000F7F88110080193331A22A5562C47B775FC
:106F70003E64C99C408DDBBF52AEEDDA64CBFFF9B5
:106F800076E802218B30100299132667AF763444DD
:106F9000BD554AADC3BC588ED19F6EEBE7FA7CC895
:106FA000F5D983310A2091121803A7772E66B554BC
:106FB0003C45CBBD42ACD99E508FEFFB66EAFDD875
:106FC00074C904428D5316619F702004A91532279D
:106FD000BB364CCEC5DF5EEDD7FC6888E1997AAB55
:106FE000F3BA85520C4397711E60A1142805B3377C
:106FF0003A26CDDE44CFDFFD56ECE9986089FBBB35
:1070000072AA06638F7214409D512225AB3430065C
:10701000B9174EEFC7FE5CCCD5DD6AA9E3B8788A14
:10702000F19B87730E6295501C41A3352A24B1163B
:107030003807CFFF46EEDDDC54CDEBB962A8F99AF4
:10704000708B088481951AA793B62CC2A5D33EE114
:10705000B7F04008C919522BDB3A644EED5F766DEC
:10706000FF7C899400859BB712A6ADD224C3BFF1E3
:1070700036E0C1184809D33B5A2AE55E6C4FF77DCC
:107080007E6C0AA583B4188691972EE3A7F23CC0C4
:10709000B5D14229CB38500AD91B666FEF7E744CAC
:1070A000FD5D8BB502A499961087AFF326E2BDD0A3
:1070B00034C1C3394A28D11A580BE77F6E6EF55C8C
:1070C0007C4D0CC685D71EE597F42880A1913AA384
:1070D000B3B2444ACD5B5669DF78600CE91D722F6C
:1070E000FB3E8DD604C79FF516E4A9902081BBB363
:1070F00032A2C55A4C4BD7795E68E11C680DF33F4C
:107100007A2E0EE787F61CC495D52AA1A3B0388243
:10711000B193466BCF7A5448DD59622DEB3C700E2B
:10712000F91F8FF706E69DD414C5ABB122A0B99222
:107130003083C77B4E6AD5585C49E33D6A2CF11E0B
:10714000780F000000000000000000000000104068
:10715000000000000000F03F000000000000000000
:10716000000000000000000000000000000000001F
:1071700000000000000000000000000000001040BF
:107180000000000000001040000000000000F03F80
:1071900000000000000000000000000000000000EF
:1071A00000000000000000000000000000000000DF
:1071B000000000000000F03F0000000000000000A0
:1071C00000000000000000000000000000000000BF
:1071D0000000000000000000000000000000F03F80
:1071E000000000000000000000000000000000009F
:1071F000000000000000000000000000000000008F
:10720000000000000000F03F555555555555C53F4D
:107210007D6FEB0312D6D4BF5544880E55C1C93FCC
:107220003B8F68B52882A4BF88B20175E0EF493F63
:1072300009F7FD0DE13D023F4B2D8A1C273A03C0A3
:10724000C88A599CE52A004059018D1B6C06E6BF8F
:1072500082922EB1C5B8B33F000000000000F03F9D
:10726000000000000000F83F0000000000000000E7
:107270000000004003B8E23F0000000000000000F2
:1072800006D0CF43EBFD4C3E033333333333E33F80
:10729000FFAB6FDBB66DDB3F4D268F515555D53FAC
:1072A00001411DA96074D13F65DBC9934A86CD3F7A
:1072B000EF4E454A287ECA3F3E5555555555C53F68
:1072C00093BDBE166CC166BF2CDE25AF6A56113F5A
:1072D000F16BD2C541BDBBBED0A4BE726937663E5C
:1072E0004FBB610567ACDD3F182D4454FB21E93FDE
:1072F0009BF681D20B73EF3F182D4454FB21F93FCD
:10730000E2652F227F2B7A3C075C143326A6813C52
:10731000BDCBF07A8807703C075C143326A6913CFD
:10732000C4EB98999999C9BF711623FEC671BCBF69
:107330006D9A74AFF2B0B3BF9AFDDE522DDEADBFD1
:107340002F6C6A2C44B4A2BF0D5555555555D53FE9
:10735000FF8300922449C23F6E204CC5CD45B73F04
:10736000513DD0A0660DB13FEB0D76244B7BA93F7C
:1073700011DA22E33AAD903F4C5555555555A53F8E
:107380007751C1166CC156BF9015CB19A001FA3EBA
:10739000AD529C804F7E92BEC4B1B4BD9EEE213EE4
:1073A000D43888BEE9FAA8BD000000000000000043
:1073B00000004054FB21F93F3163621A61B4D03DB3
:1073C0000000601A61B4D03D7370032E8A19A33B8C
:1073D0000000002E8A19A33BC14920259A837B39DE
:1073E00000000000000000006E83F9A22915444E41
:1073F000D15727FCC0DD34F5999562DB4190433CC1
:10740000AB6351FE61C5BBDE3A6E24B7E0D24D429C
:10741000EA2E49061C92D1091CEB1DFE3EA729B19C
:10742000F53582E88444BB2E26709CE9417E5FB42A
:1074300039D69139F43953838B5F849C3B28F9BD4D
:10744000FF97F81F0F9805DE8B112FEF1F6D0A5A5B
:10745000CF7E366DB709CB27663F464F2DEA5F9E3C
:10746000C7BA27757BF1E5EBF739073DEA92528AF7
:10747000B15FFB6B085D8D1FA6F810111111813FE4
:10748000D561C119A0012ABF7DFEB157E31DC73EDA
:10749000EB9C2B8AE6E55ABE7CD5CF5A3AD9E53D1E
:1074A000E074010800000020F40300000803000855
:1074B000B076010800000024D4050000080300088D
:1074C000B0760108F40300206C4A00006403000851
:1074D0008C770108D4050024E4D10000640300087F
:1074E00001101339D81B0881041A91041ABD041A1B
:1074F000FD041A05041A4904411312011402020280
:1075000016408304405726020102030114050F0CA4
:107510001C0107101721071E040309041A03321067
:107520001937011510274FE4FD374777BCBA28CD2E
:10753000FE44977D59BB091C55DA7FD6083CDC9C7C
:1075400031936CEC8FBC3A31C985B67C1058BDAF15
:107550003A41EAA0F5963DA188833D8961E2BD2AC2
:10756000D50289E34385BEAD8922BF0D19E73EE50B
:107570003C2F70309821BF7475AF0361EEA6BFF544
:10758000E0F2A530517B4043E95F815B6C30BD8AFE
:1075900096A215D8A6DC3D4EA3884A89BD74BE9B31
:1075A000FDF7ED5F1520923F06EE216060BD7CBFC8
:1075B000B98DF5B9F063ED3FCF49C823EE784FC0E0
:1075C000C4AA82F99B869D40267D2B0BA69F1D3D5C
:1075D000988BB728048F893D77D4FF03885802BE63
:1075E00096CD94FBDD2675BE20F70FBF28D4CC3E88
:1075F00026BBEDAA0FCB63BFC5F15391184D72BFE7
:107600009EF0E536481B674021BD779D754DC4BE91
:10761000FC74CA0E634263BF5F265177322CEDBF04
:107620002F20DF682F0C66C040E018C9A0A0D0C092
:10763000C47B09291C0524C12364C317C8437D04E6
:10764000017C160240AB034110090553080658049B
:10765000070F160810820911160A15800B16054E21
:107660000C18010D940E04059A0F0C9A0A0C9A0C32
:107670000C9A0B0C9A0D0C9A080C9A090C0980862E
:107680001314021B2020041A2C041A38041A440470
:107690001A50041A5C041A6804C105429A99193FE9
:1076A000033C80BF0A35011C813668656C6C6F0035
:1076B0004113FD0D1B08F9041AB50413210E1B0814
:1076C0004904113C90D0030431130A0632023340BE
:1076D000011301CF1408FDCC1C084BD1243113D168
:1076E000CD1C08F1CB3C1914C11375CE1B08310415
:1076F0001ABD041A2104140902431302011DC032E9
:107700000904451A020B1305241610010524011063
:107710000901042402020524061701070582030853
:10772000151009040133020A2E0705010240072A39
:10773000810704428101820316FFFF000D22F7CC6E
:10774000923924977FBBE02D90BA1A088F410B9C89
:10775000F03F286908014809BE58031EF03F09267A
:1077600020D9580B1C408FB80927200965B001515A
:107770000A553458014F5BE085A80A3559B03A697B
:0C778000385AFF0101845A0104C10000C6
:04000005080002CD20
:00000001FF
